image_path,class,distance_to_nearest_synthetic
D:\Authenticity_Gap_Project\real\Tomato_Late_blight\ceec7525-b67e-43fc-8967-77d57133afba___RS_Late.B 5586.JPG,Tomato_Late_blight,0.3598
D:\Authenticity_Gap_Project\real\Tomato_Late_blight\531d1dc7-d864-4464-b2ad-1fc76f825021___GHLB2 Leaf 8742.JPG,Tomato_Late_blight,0.3491
D:\Authenticity_Gap_Project\real\Potato___Late_blight\93d91b96-e024-477c-9b76-796e3f1614d4___RS_LB 3297.JPG,Potato___Late_blight,0.3473
D:\Authenticity_Gap_Project\real\Tomato_Early_blight\d4d20c99-4cf3-4ecc-95ae-a964560cfeed___RS_Erly.B 9604.JPG,Tomato_Early_blight,0.3416
D:\Authenticity_Gap_Project\real\Tomato_Late_blight\4de5d2c4-bed5-436a-95e2-bcf43a1723fd___GHLB2 Leaf 8727.JPG,Tomato_Late_blight,0.3401
D:\Authenticity_Gap_Project\real\Tomato_Late_blight\960137a5-2b52-4349-8c33-cb8b7afed9eb___GHLB2 Leaf 8765.JPG,Tomato_Late_blight,0.3338
D:\Authenticity_Gap_Project\real\Tomato_Late_blight\e242de40-3f89-46e9-b490-d42378965c9f___RS_Late.B 5595.JPG,Tomato_Late_blight,0.3318
D:\Authenticity_Gap_Project\real\Tomato_Early_blight\3f35dad7-734b-46ee-8193-09fd3c8562ff___RS_Erly.B 7600.JPG,Tomato_Early_blight,0.327
D:\Authenticity_Gap_Project\real\Tomato_Late_blight\f7d235fa-e0ef-4475-88d2-3bfa79f1ab6f___RS_Late.B 7059.JPG,Tomato_Late_blight,0.3196
D:\Authenticity_Gap_Project\real\Tomato_Early_blight\ad567130-1714-4f31-9735-9ffe4b373964___RS_Erly.B 7623.JPG,Tomato_Early_blight,0.3177
D:\Authenticity_Gap_Project\real\Tomato_Late_blight\d31734a0-98c8-43a2-9b17-166785e192f8___GHLB2 Leaf 8706.JPG,Tomato_Late_blight,0.3168
D:\Authenticity_Gap_Project\real\Tomato_Bacterial_spot\13affc42-3a89-4a99-97aa-98f41682a71e___UF.GRC_BS_Lab Leaf 0546.JPG,Tomato_Bacterial_spot,0.316
D:\Authenticity_Gap_Project\real\Tomato_Late_blight\3e7acc8a-73b1-4c21-bc67-bb6e65c4d373___GHLB Leaf 8.1 Day 12.JPG,Tomato_Late_blight,0.3112
D:\Authenticity_Gap_Project\real\Tomato_Late_blight\8c36f3d7-3aee-4341-8319-449e3f5e6f79___RS_Late.B 5596.JPG,Tomato_Late_blight,0.3084
D:\Authenticity_Gap_Project\real\Tomato_Late_blight\7973db5e-9bc6-4573-9173-f0ef7f1d62d6___GHLB Leaf 23.4 Day 18.JPG,Tomato_Late_blight,0.2978
D:\Authenticity_Gap_Project\real\Tomato_Late_blight\b45f36d3-b367-4c96-9e4d-a8da7c8c584d___RS_Late.B 5195.JPG,Tomato_Late_blight,0.2978
D:\Authenticity_Gap_Project\real\Tomato_Late_blight\25bfd51b-6db7-42a5-9990-992f52a0c836___GHLB2 Leaf 61.JPG,Tomato_Late_blight,0.2974
D:\Authenticity_Gap_Project\real\Tomato_Bacterial_spot\ffabbe39-4939-414b-af91-825f80fa4d4a___UF.GRC_BS_Lab Leaf 0870.JPG,Tomato_Bacterial_spot,0.2972
D:\Authenticity_Gap_Project\real\Tomato_Early_blight\6ccc0cdb-d420-4bc6-9a1a-d195a0521c19___RS_Erly.B 9437.JPG,Tomato_Early_blight,0.2963
D:\Authenticity_Gap_Project\real\Tomato_Early_blight\2998c7f2-9f4f-4734-aa39-403dd7211869___RS_Erly.B 7528.JPG,Tomato_Early_blight,0.2947
D:\Authenticity_Gap_Project\real\Tomato_Late_blight\13533985-e30d-4023-8bd3-7a45b07816ca___RS_Late.B 5593.JPG,Tomato_Late_blight,0.2929
D:\Authenticity_Gap_Project\real\Tomato_Bacterial_spot\4913ff90-0ca7-43b5-a157-a8ab19e43f12___UF.GRC_BS_Lab Leaf 0537.JPG,Tomato_Bacterial_spot,0.2922
D:\Authenticity_Gap_Project\real\Tomato_Early_blight\a1e875bd-5c06-4031-b0c0-9413d754df0e___RS_Erly.B 8221.JPG,Tomato_Early_blight,0.2914
D:\Authenticity_Gap_Project\real\Tomato_Late_blight\04ba0ca5-c52c-4bab-897b-2d38f7835a03___RS_Late.B 5631.JPG,Tomato_Late_blight,0.29
D:\Authenticity_Gap_Project\real\Tomato_Late_blight\44902d94-0273-4f60-ae20-d0ea4b202452___RS_Late.B 5587.JPG,Tomato_Late_blight,0.2892
D:\Authenticity_Gap_Project\real\Tomato_Late_blight\0dd9d965-d68a-4e47-ba02-ebcadf13c7ae___GHLB2 Leaf 78.1.JPG,Tomato_Late_blight,0.2879
D:\Authenticity_Gap_Project\real\Tomato_Late_blight\c042e7e2-a583-4709-b944-830965256802___GHLB2 Leaf 110.JPG,Tomato_Late_blight,0.2874
D:\Authenticity_Gap_Project\real\Tomato_Early_blight\a67b9ba1-99ff-4826-8f7b-1b89ca61980e___RS_Erly.B 7597.JPG,Tomato_Early_blight,0.2866
D:\Authenticity_Gap_Project\real\Tomato_Early_blight\22247648-1650-43d5-8a9b-e03f63cf2f1c___RS_Erly.B 7535.JPG,Tomato_Early_blight,0.2864
D:\Authenticity_Gap_Project\real\Tomato_Late_blight\1869d21d-5461-4378-bddb-8de766b836f7___GHLB Leaf 12 Day 6.JPG,Tomato_Late_blight,0.2858
D:\Authenticity_Gap_Project\real\Tomato_Early_blight\3198b703-d5d5-46e9-9b8f-399d5531b5c4___RS_Erly.B 8364.JPG,Tomato_Early_blight,0.2858
D:\Authenticity_Gap_Project\real\Tomato_Late_blight\60196a6c-a134-4107-8178-d1bb47450cee___GHLB Leaf 23.1 Day 9.jpg,Tomato_Late_blight,0.2858
D:\Authenticity_Gap_Project\real\Tomato_Early_blight\d6ac1972-b67c-422e-b81d-11f2f1d9ec5f___RS_Erly.B 9435.JPG,Tomato_Early_blight,0.2856
D:\Authenticity_Gap_Project\real\Potato___Late_blight\93935af4-3aae-4dd6-90d9-fb28e439faf0___RS_LB 3299.JPG,Potato___Late_blight,0.285
D:\Authenticity_Gap_Project\real\Tomato_Late_blight\a5fe1111-38b0-4206-9ac7-3eec701beb79___GHLB2 Leaf 8868.JPG,Tomato_Late_blight,0.2844
D:\Authenticity_Gap_Project\real\Tomato_Late_blight\08a723e4-6b51-4395-8013-b1f3f03709b8___GHLB2 Leaf 8967.JPG,Tomato_Late_blight,0.2842
D:\Authenticity_Gap_Project\real\Tomato_Late_blight\4431e0a9-f61b-4eff-a592-506a6c6606b2___RS_Late.B 7104.JPG,Tomato_Late_blight,0.2838
D:\Authenticity_Gap_Project\real\Tomato_Late_blight\b982e973-aede-4317-92fb-b8a2385d3172___RS_Late.B 5465.JPG,Tomato_Late_blight,0.2797
D:\Authenticity_Gap_Project\real\Tomato_Late_blight\77cd23c3-22fe-4d04-babe-89db464dbddd___GHLB Leaf 6 Day 6.JPG,Tomato_Late_blight,0.2791
D:\Authenticity_Gap_Project\real\Tomato_Late_blight\f91c4442-ad78-4785-b1a4-239b45b56ca1___GHLB2 Leaf 110.1.JPG,Tomato_Late_blight,0.2785
D:\Authenticity_Gap_Project\real\Tomato_Early_blight\ba19f779-d0cf-4bc7-88df-96e6080fdc96___RS_Erly.B 7599.JPG,Tomato_Early_blight,0.2778
D:\Authenticity_Gap_Project\real\Tomato_Late_blight\a7cee503-4a3e-42dc-963c-2ae166064f6a___RS_Late.B 5602.JPG,Tomato_Late_blight,0.2773
D:\Authenticity_Gap_Project\real\Tomato_Early_blight\c410d512-4708-49dd-ba8f-efce2796a3f5___RS_Erly.B 7602.JPG,Tomato_Early_blight,0.2765
D:\Authenticity_Gap_Project\real\Tomato_Late_blight\21f3629a-8126-4f23-85c5-05636ff87644___RS_Late.B 6906.JPG,Tomato_Late_blight,0.276
D:\Authenticity_Gap_Project\real\Tomato_Late_blight\0fca6d09-1931-4767-a195-1dd2b7cd10b7___GHLB Leaf 8 Day 12.JPG,Tomato_Late_blight,0.2758
D:\Authenticity_Gap_Project\real\Tomato_Late_blight\e4f561cc-0e83-4718-90bf-2648db94a4bb___GHLB2 Leaf 162.1.JPG,Tomato_Late_blight,0.274
D:\Authenticity_Gap_Project\real\Tomato_Late_blight\64e98151-c3bc-417e-bd40-02aac283e3c0___RS_Late.B 6678.JPG,Tomato_Late_blight,0.2735
D:\Authenticity_Gap_Project\real\Tomato_Early_blight\6873f362-d13b-41f7-a44d-da51875e46f1___RS_Erly.B 9436.JPG,Tomato_Early_blight,0.2734
D:\Authenticity_Gap_Project\real\Tomato_Late_blight\a6b94272-9bb5-495e-bce4-2622d2ea34f5___GHLB Leaf 25.2 Day 12.JPG,Tomato_Late_blight,0.2695
D:\Authenticity_Gap_Project\real\Potato___Late_blight\8b0ef54c-6d28-47bb-a657-287afbb8a620___RS_LB 3298.JPG,Potato___Late_blight,0.2685
D:\Authenticity_Gap_Project\real\Tomato_Late_blight\cfa1ba1d-b853-441d-99b4-0d9d413c8eb0___RS_Late.B 5288.JPG,Tomato_Late_blight,0.2682
D:\Authenticity_Gap_Project\real\Tomato_Late_blight\c91400cf-83f0-4472-9504-3234ccecf65c___RS_Late.B 5218.JPG,Tomato_Late_blight,0.2678
D:\Authenticity_Gap_Project\real\Tomato_Late_blight\40076fd7-8c21-41a4-9bc9-3c1c53e1a865___RS_Late.B 5594.JPG,Tomato_Late_blight,0.2664
D:\Authenticity_Gap_Project\real\Tomato_Late_blight\7fa16659-42cf-4bac-b0fc-41162212f6a9___GHLB2 Leaf 8620.JPG,Tomato_Late_blight,0.266
D:\Authenticity_Gap_Project\real\Tomato_Late_blight\9a4627a2-053d-443b-9135-7c1a913b63c4___GHLB Leaf 25.1 Day 12.JPG,Tomato_Late_blight,0.2659
D:\Authenticity_Gap_Project\real\Tomato_Late_blight\93c6117b-d192-4934-be00-8a6870704c78___RS_Late.B 6774.JPG,Tomato_Late_blight,0.2659
D:\Authenticity_Gap_Project\real\Tomato_Late_blight\fd99b211-340e-4ac0-9c33-b59e9c594ba2___GHLB2 Leaf 93.JPG,Tomato_Late_blight,0.2654
D:\Authenticity_Gap_Project\real\Tomato_Late_blight\9c02c389-6bdc-45d6-96ca-bce46283d2ab___GHLB2 Leaf 8660.JPG,Tomato_Late_blight,0.265
D:\Authenticity_Gap_Project\real\Tomato_Early_blight\24455ffa-8700-475c-8b4e-a7775f40ad3f___RS_Erly.B 8365.JPG,Tomato_Early_blight,0.2628
D:\Authenticity_Gap_Project\real\Tomato_Late_blight\1510bf70-ab9e-43df-b5d9-9b5e4352e66b___GHLB2 Leaf 118.JPG,Tomato_Late_blight,0.2626
D:\Authenticity_Gap_Project\real\Potato___Late_blight\aa58c1c8-82a1-4e68-9ecb-3cd47341d09b___RS_LB 4331.JPG,Potato___Late_blight,0.2616
D:\Authenticity_Gap_Project\real\Tomato_Late_blight\1bfebfc9-3eda-4889-bdb1-75a8929a1b4f___GHLB_PS Leaf 48 Day 18.jpg,Tomato_Late_blight,0.2598
D:\Authenticity_Gap_Project\real\Tomato_Late_blight\dd84ae03-7d7d-4e12-8f9f-f684abdcb320___RS_Late.B 5637.JPG,Tomato_Late_blight,0.2588
D:\Authenticity_Gap_Project\real\Tomato_Late_blight\121097dd-b0cb-436b-9b2f-7dab30c86872___GHLB_PS Leaf 37.1 Day 13.jpg,Tomato_Late_blight,0.2587
D:\Authenticity_Gap_Project\real\Tomato_Late_blight\24c41335-1ad7-4b68-9756-577ed8cf3525___GHLB2 Leaf 144.1.JPG,Tomato_Late_blight,0.2587
D:\Authenticity_Gap_Project\real\Tomato_Late_blight\dbedc9c1-d7f8-4eef-b4bf-d36689c57c60___GHLB Leaf 27 Day 12.JPG,Tomato_Late_blight,0.2581
D:\Authenticity_Gap_Project\real\Tomato_Late_blight\5670dbc5-e0bf-4f73-b8a0-b1f703030195___RS_Late.B 5094.JPG,Tomato_Late_blight,0.2577
D:\Authenticity_Gap_Project\real\Tomato_Late_blight\3c2f237b-3e91-455f-8064-428b308bc575___RS_Late.B 5291.JPG,Tomato_Late_blight,0.2572
D:\Authenticity_Gap_Project\real\Tomato_Early_blight\f525cb66-09b6-4f96-93dd-d6bc936f5645___RS_Erly.B 7700.JPG,Tomato_Early_blight,0.2569
D:\Authenticity_Gap_Project\real\Potato___Late_blight\2565077d-44d3-4213-82c2-bf5ae9a64368___RS_LB 3295.JPG,Potato___Late_blight,0.2567
D:\Authenticity_Gap_Project\real\Tomato_Early_blight\a3af61fe-3cde-4083-963f-909bfced23db___RS_Erly.B 7590.JPG,Tomato_Early_blight,0.2556
D:\Authenticity_Gap_Project\real\Tomato_Bacterial_spot\962399bf-bc19-48a8-99b1-92b2963c2dcd___UF.GRC_BS_Lab Leaf 1074.JPG,Tomato_Bacterial_spot,0.2553
D:\Authenticity_Gap_Project\real\Tomato_Early_blight\af454559-8f93-4b2d-b961-80bafe6bf43b___RS_Erly.B 8367.JPG,Tomato_Early_blight,0.2545
D:\Authenticity_Gap_Project\real\Tomato_Late_blight\ac89de10-2de8-40a4-8f6e-f0a37e97cd57___RS_Late.B 5126.JPG,Tomato_Late_blight,0.2536
D:\Authenticity_Gap_Project\real\Tomato_Early_blight\4fd3f0e7-cdd9-4151-8734-5f0ad1f52614___RS_Erly.B 9564.JPG,Tomato_Early_blight,0.2534
D:\Authenticity_Gap_Project\real\Tomato_Late_blight\f8e2f06c-ffc4-426b-a7ad-300f6472fdcc___RS_Late.B 5238.JPG,Tomato_Late_blight,0.2525
D:\Authenticity_Gap_Project\real\Tomato_Late_blight\747a2385-2777-445a-b215-7a14a5c0135c___RS_Late.B 7111.JPG,Tomato_Late_blight,0.252
D:\Authenticity_Gap_Project\real\Tomato_Early_blight\f33995ae-6456-476c-b832-4ff4cbaf49f7___RS_Erly.B 7525.JPG,Tomato_Early_blight,0.2509
D:\Authenticity_Gap_Project\real\Tomato_Late_blight\bbe6db0b-868d-4ca4-b8c7-f274b89dd9c8___GHLB2 Leaf 68.1.JPG,Tomato_Late_blight,0.2507
D:\Authenticity_Gap_Project\real\Tomato_Late_blight\36193f11-7789-416d-b0dd-0cae49f74836___GHLB Leaf 23.2 Day 18.JPG,Tomato_Late_blight,0.2498
D:\Authenticity_Gap_Project\real\Tomato_Early_blight\8f9b3d86-42dd-4932-b638-8376529afcaa___RS_Erly.B 9575.JPG,Tomato_Early_blight,0.2497
D:\Authenticity_Gap_Project\real\Tomato_Early_blight\f51330a5-e187-434f-add0-bd89f488eeee___RS_Erly.B 7699.JPG,Tomato_Early_blight,0.2489
D:\Authenticity_Gap_Project\real\Tomato_Late_blight\07eb29e8-112d-4bcb-8b65-aba4b4307f2a___RS_Late.B 6907.JPG,Tomato_Late_blight,0.2481
D:\Authenticity_Gap_Project\real\Tomato_Late_blight\435f78a8-70a8-4df9-b227-c6230301a17e___RS_Late.B 6672.JPG,Tomato_Late_blight,0.2479
D:\Authenticity_Gap_Project\real\Tomato_Late_blight\376c3deb-3feb-425b-a6dd-ce0f95b7c763___RS_Late.B 5413.JPG,Tomato_Late_blight,0.2478
D:\Authenticity_Gap_Project\real\Tomato_Late_blight\1b36d656-ee17-43a1-8f47-0d163c69f754___RS_Late.B 5605.JPG,Tomato_Late_blight,0.2472
D:\Authenticity_Gap_Project\real\Tomato_Early_blight\0bd357fe-1e54-4c65-979c-e894e0b8a3aa___RS_Erly.B 8328.JPG,Tomato_Early_blight,0.246
D:\Authenticity_Gap_Project\real\Tomato_Late_blight\aa1945c1-9d44-4e84-a18c-e5d78e3f4c37___RS_Late.B 5601.JPG,Tomato_Late_blight,0.2457
D:\Authenticity_Gap_Project\real\Tomato_Early_blight\89e7a492-7347-4659-ac0b-2df664ed4c80___RS_Erly.B 8438.JPG,Tomato_Early_blight,0.2451
D:\Authenticity_Gap_Project\real\Tomato_Early_blight\f91230c1-b28c-46fe-ab7a-329fdb689a02___RS_Erly.B 9439.JPG,Tomato_Early_blight,0.2449
D:\Authenticity_Gap_Project\real\Potato___Late_blight\4664efe7-50ae-4a32-b818-2ec7f3881471___RS_LB 4478.JPG,Potato___Late_blight,0.2444
D:\Authenticity_Gap_Project\real\Tomato_Early_blight\c73fd35a-bc55-46c3-baf3-a943a6e396c5___RS_Erly.B 9563.JPG,Tomato_Early_blight,0.2439
D:\Authenticity_Gap_Project\real\Tomato_Early_blight\0fc8cb27-a10f-4587-a91d-4dbec9f839c7___RS_Erly.B 7715.JPG,Tomato_Early_blight,0.2437
D:\Authenticity_Gap_Project\real\Tomato_Early_blight\68d40fcc-8554-4973-9abc-27fc1928cc9c___RS_Erly.B 7595.JPG,Tomato_Early_blight,0.2429
D:\Authenticity_Gap_Project\real\Tomato_Early_blight\9d16bfcd-955e-4a5c-90ea-c7cce8dd9135___RS_Erly.B 7811.JPG,Tomato_Early_blight,0.2428
D:\Authenticity_Gap_Project\real\Tomato_Early_blight\859a134c-51f7-4294-bd1a-78140d775bca___RS_Erly.B 8327.JPG,Tomato_Early_blight,0.2422
D:\Authenticity_Gap_Project\real\Tomato_Early_blight\29645def-a571-4442-8f95-d7ebf71befde___RS_Erly.B 7751.JPG,Tomato_Early_blight,0.2421
D:\Authenticity_Gap_Project\real\Potato___Late_blight\8acd2e1a-f965-4abb-bd16-8c0a4e918d2c___RS_LB 4644.JPG,Potato___Late_blight,0.2419
D:\Authenticity_Gap_Project\real\Potato___Late_blight\cba4be0b-2554-4a9e-8dd0-94cbb2467388___RS_LB 3335.JPG,Potato___Late_blight,0.2417
D:\Authenticity_Gap_Project\real\Tomato_Early_blight\3d9a4538-4797-45fe-8cff-104237e19368___RS_Erly.B 7729.JPG,Tomato_Early_blight,0.241
D:\Authenticity_Gap_Project\real\Tomato_Early_blight\7bab9b53-f608-4f3f-8325-d730d846b3d9___RS_Erly.B 7695.JPG,Tomato_Early_blight,0.2397
D:\Authenticity_Gap_Project\real\Tomato_Early_blight\db4241a0-d3ee-44c8-aebb-ba1783e47609___RS_Erly.B 7547.JPG,Tomato_Early_blight,0.2391
D:\Authenticity_Gap_Project\real\Tomato_Bacterial_spot\30479f05-421c-4598-8e91-4e2c6722c450___UF.GRC_BS_Lab Leaf 0538.JPG,Tomato_Bacterial_spot,0.2388
D:\Authenticity_Gap_Project\real\Tomato_Early_blight\51708fa7-4619-4957-bfc6-8e422ee23a99___RS_Erly.B 7630.JPG,Tomato_Early_blight,0.2382
D:\Authenticity_Gap_Project\real\Potato___Late_blight\97babc05-67f1-49d4-9821-6fb8294da5e8___RS_LB 4541.JPG,Potato___Late_blight,0.236
D:\Authenticity_Gap_Project\real\Tomato_Early_blight\f035e3c9-069a-4392-9f0c-80262511f616___RS_Erly.B 9373.JPG,Tomato_Early_blight,0.2348
D:\Authenticity_Gap_Project\real\Tomato_Early_blight\9b16a9a4-c99b-4027-a301-4a8969761746___RS_Erly.B 7428.JPG,Tomato_Early_blight,0.2335
D:\Authenticity_Gap_Project\real\Tomato_Bacterial_spot\55339b80-574d-4379-bc85-35558fcc0bea___UF.GRC_BS_Lab Leaf 0554.JPG,Tomato_Bacterial_spot,0.2335
D:\Authenticity_Gap_Project\real\Tomato_Bacterial_spot\df2c5959-402f-488c-8e9f-93d3a0cee4dd___UF.GRC_BS_Lab Leaf 1168.JPG,Tomato_Bacterial_spot,0.2332
D:\Authenticity_Gap_Project\real\Potato___Late_blight\146c4ea6-cf74-4607-9b8e-19c69c85ec86___RS_LB 4641.JPG,Potato___Late_blight,0.2324
D:\Authenticity_Gap_Project\real\Tomato_Early_blight\bb12ec71-c438-43f5-a077-e5924af2409e___RS_Erly.B 8402.JPG,Tomato_Early_blight,0.2313
D:\Authenticity_Gap_Project\real\Tomato_Early_blight\99baac4a-7079-4c68-b2bf-c9cf123ddffc___RS_Erly.B 7619.JPG,Tomato_Early_blight,0.2312
D:\Authenticity_Gap_Project\real\Tomato_healthy\414359b9-153b-4985-bfe0-eaf22f7ff6ab___RS_HL 0062.JPG,Tomato_healthy,0.2289
D:\Authenticity_Gap_Project\real\Tomato_Early_blight\9d2bc87f-f309-41a4-a533-569456706e2b___RS_Erly.B 6367.JPG,Tomato_Early_blight,0.2277
D:\Authenticity_Gap_Project\real\Tomato_Bacterial_spot\9826cf0e-f124-4262-a994-b43027c2484a___GCREC_Bact.Sp 5781.JPG,Tomato_Bacterial_spot,0.227
D:\Authenticity_Gap_Project\real\Potato___healthy\f0fdde26-78b4-46f0-9eb8-7c2a743d34aa___RS_HL 4165.JPG,Potato___healthy,0.2267
D:\Authenticity_Gap_Project\real\Tomato_Early_blight\e9adf635-754d-4bc3-af3d-4b3e1bd81812___RS_Erly.B 9438.JPG,Tomato_Early_blight,0.2265
D:\Authenticity_Gap_Project\real\Tomato_Bacterial_spot\631fcec5-39db-474a-a929-097718ad2162___GCREC_Bact.Sp 3327.JPG,Tomato_Bacterial_spot,0.2256
D:\Authenticity_Gap_Project\real\Tomato_Early_blight\b2b63d7c-d8f7-44ff-b53e-6214ddbed5d9___RS_Erly.B 9509.JPG,Tomato_Early_blight,0.2251
D:\Authenticity_Gap_Project\real\Tomato_Early_blight\4e3f49fc-2ff8-4d00-979d-3c15f4d90db8___RS_Erly.B 7708.JPG,Tomato_Early_blight,0.2249
D:\Authenticity_Gap_Project\real\Tomato_Bacterial_spot\f67df1b4-1b28-48c4-96cb-1c31d3ce7e66___UF.GRC_BS_Lab Leaf 0368.JPG,Tomato_Bacterial_spot,0.2244
D:\Authenticity_Gap_Project\real\Tomato_Bacterial_spot\33e336e9-fcd0-4e9c-a0c1-8a313c3ef1f3___UF.GRC_BS_Lab Leaf 0367.JPG,Tomato_Bacterial_spot,0.2239
D:\Authenticity_Gap_Project\real\Tomato_Bacterial_spot\88a4e8ec-ef71-4847-b778-90eae647f331___UF.GRC_BS_Lab Leaf 0640.JPG,Tomato_Bacterial_spot,0.2227
D:\Authenticity_Gap_Project\real\Tomato_Early_blight\5d0f4647-6f88-4c84-bacf-d6bc4d469c4d___RS_Erly.B 8411.JPG,Tomato_Early_blight,0.2222
D:\Authenticity_Gap_Project\real\Tomato_Bacterial_spot\c23fe2f1-4b93-4e4e-b55e-215b4a922e5d___GCREC_Bact.Sp 5779.JPG,Tomato_Bacterial_spot,0.2218
D:\Authenticity_Gap_Project\real\Potato___healthy\14484ea5-9c34-427c-abe4-2743265aced0___RS_HL 4204.JPG,Potato___healthy,0.2216
D:\Authenticity_Gap_Project\real\Tomato_Bacterial_spot\b7db70a8-ca63-409e-9e60-47dce0ac5164___UF.GRC_BS_Lab Leaf 0646.JPG,Tomato_Bacterial_spot,0.2206
D:\Authenticity_Gap_Project\real\Tomato_Early_blight\d44e75f7-59ac-4296-ac62-893125ddf04e___RS_Erly.B 7856.JPG,Tomato_Early_blight,0.2205
D:\Authenticity_Gap_Project\real\Tomato_Bacterial_spot\5512c9ea-9177-4860-8035-c4f8b2025693___GCREC_Bact.Sp 5651.JPG,Tomato_Bacterial_spot,0.2202
D:\Authenticity_Gap_Project\real\Tomato_Bacterial_spot\1e982ff7-1d2f-43e9-9c10-8735b84de1aa___GCREC_Bact.Sp 3329.JPG,Tomato_Bacterial_spot,0.2202
D:\Authenticity_Gap_Project\real\Tomato_Bacterial_spot\357e7fb6-0d3f-44f5-9f13-ae84759da804___UF.GRC_BS_Lab Leaf 0525.JPG,Tomato_Bacterial_spot,0.2196
D:\Authenticity_Gap_Project\real\Tomato_Early_blight\b6611980-ad87-4121-a6d0-b648b946b432___RS_Erly.B 8426.JPG,Tomato_Early_blight,0.2191
D:\Authenticity_Gap_Project\real\Tomato_Early_blight\45d27217-fbb3-4b74-93e7-d84f70b784f8___RS_Erly.B 7713.JPG,Tomato_Early_blight,0.2187
D:\Authenticity_Gap_Project\real\Tomato_Early_blight\e626a672-48b8-490d-8314-a70ff37153f4___RS_Erly.B 7467.JPG,Tomato_Early_blight,0.2181
D:\Authenticity_Gap_Project\real\Tomato_Early_blight\6fbefe16-4635-4a03-b245-65594ded39cf___RS_Erly.B 7654.JPG,Tomato_Early_blight,0.2181
D:\Authenticity_Gap_Project\real\Tomato_Early_blight\16ce3799-ff03-4724-8c99-48a4243a6ff9___RS_Erly.B 9565.JPG,Tomato_Early_blight,0.2179
D:\Authenticity_Gap_Project\real\Tomato_Early_blight\0621aab4-b9fd-4012-b0a6-ba72e63cd87d___RS_Erly.B 8220.JPG,Tomato_Early_blight,0.2178
D:\Authenticity_Gap_Project\real\Potato___Late_blight\72b12e17-d76f-4254-a4af-3ed3c3859500___RS_LB 3334.JPG,Potato___Late_blight,0.2163
D:\Authenticity_Gap_Project\real\Tomato_Early_blight\15fb19ad-8a5a-4e1b-8ed2-c8d48b006b1d___RS_Erly.B 7674.JPG,Tomato_Early_blight,0.2163
D:\Authenticity_Gap_Project\real\Tomato_Early_blight\552787d3-3937-4ee5-9824-6b78e90e5cbb___RS_Erly.B 7510.JPG,Tomato_Early_blight,0.2161
D:\Authenticity_Gap_Project\real\Tomato_Early_blight\de96e7a2-6de3-4699-9680-9eb4d4e215c8___RS_Erly.B 9445.JPG,Tomato_Early_blight,0.2135
D:\Authenticity_Gap_Project\real\Potato___Late_blight\94c50d24-cfd7-486c-a4ac-a10f552d0f8b___RS_LB 4329.JPG,Potato___Late_blight,0.2125
D:\Authenticity_Gap_Project\real\Tomato_Early_blight\e81dfd96-227c-41a7-8cf8-dbc14f2e4b33___RS_Erly.B 7407.JPG,Tomato_Early_blight,0.2115
D:\Authenticity_Gap_Project\real\Tomato_Early_blight\b24f8f98-4bfe-4605-85f5-738fc09e58fe___RS_Erly.B 6406.JPG,Tomato_Early_blight,0.211
D:\Authenticity_Gap_Project\real\Tomato_Early_blight\26e2e7aa-800c-421b-92e8-3e20c5f5757e___RS_Erly.B 7656.JPG,Tomato_Early_blight,0.2105
D:\Authenticity_Gap_Project\real\Tomato_Early_blight\8ac21e2c-f953-4e96-8d43-e82dae24017e___RS_Erly.B 7459.JPG,Tomato_Early_blight,0.2102
D:\Authenticity_Gap_Project\real\Tomato_Early_blight\fcf97241-bd84-4829-b326-72590a3f4f59___RS_Erly.B 7555.JPG,Tomato_Early_blight,0.2101
D:\Authenticity_Gap_Project\real\Potato___Late_blight\cf979c44-abfa-4ed3-865e-ee0c204ba9f0___RS_LB 4662.JPG,Potato___Late_blight,0.2101
D:\Authenticity_Gap_Project\real\Tomato_Early_blight\73f4d791-745e-49b8-82d8-e29b24ddd0e5___RS_Erly.B 7593.JPG,Tomato_Early_blight,0.2094
D:\Authenticity_Gap_Project\real\Potato___Late_blight\b4e52186-de58-4c06-bbd2-2fb3dbeda13e___RS_LB 2655.JPG,Potato___Late_blight,0.2086
D:\Authenticity_Gap_Project\real\Tomato_Bacterial_spot\b788b9e7-1567-47d1-9e34-1c653a8d03a1___UF.GRC_BS_Lab Leaf 0861.JPG,Tomato_Bacterial_spot,0.2076
D:\Authenticity_Gap_Project\real\Tomato_Bacterial_spot\1afcd540-c746-4c02-8611-686ec35caaf5___GCREC_Bact.Sp 5654.JPG,Tomato_Bacterial_spot,0.2073
D:\Authenticity_Gap_Project\real\Tomato_Bacterial_spot\c9f48a07-6bc4-4a62-a817-3b99a64160cc___UF.GRC_BS_Lab Leaf 1208.JPG,Tomato_Bacterial_spot,0.2067
D:\Authenticity_Gap_Project\real\Tomato_Bacterial_spot\a9b47216-7d6d-46f6-b029-7aacd6f26113___UF.GRC_BS_Lab Leaf 0862.JPG,Tomato_Bacterial_spot,0.2043
D:\Authenticity_Gap_Project\real\Potato___Late_blight\85d29f87-cb27-4ffa-9ad8-9c47f9a53b33___RS_LB 4437.JPG,Potato___Late_blight,0.2033
D:\Authenticity_Gap_Project\real\Tomato_healthy\e0987875-8fe2-49ee-8f01-e29281c3d790___RS_HL 0239.JPG,Tomato_healthy,0.2015
D:\Authenticity_Gap_Project\real\Potato___Late_blight\f528b00d-99a6-41db-8d96-9eed58b519c1___RS_LB 4544.JPG,Potato___Late_blight,0.2014
D:\Authenticity_Gap_Project\real\Tomato_Bacterial_spot\2642e2b0-d2d8-49ea-b9c3-44133f863169___GCREC_Bact.Sp 5660.JPG,Tomato_Bacterial_spot,0.2013
D:\Authenticity_Gap_Project\real\Potato___Late_blight\5ad9dba9-ed81-437e-8d5d-1d6660514462___RS_LB 4439.JPG,Potato___Late_blight,0.2006
D:\Authenticity_Gap_Project\real\Tomato_healthy\e55fc417-6c08-4150-913e-11e7c7e15eb7___RS_HL 0504.JPG,Tomato_healthy,0.1997
D:\Authenticity_Gap_Project\real\Potato___Late_blight\bd632f59-ff1c-452f-b504-053fa95ab000___RS_LB 4356.JPG,Potato___Late_blight,0.1986
D:\Authenticity_Gap_Project\real\Potato___Late_blight\e9429874-1098-43af-bc38-0acc0b93f4f9___RS_LB 2682.JPG,Potato___Late_blight,0.1983
D:\Authenticity_Gap_Project\real\Tomato_Bacterial_spot\7ff1454d-b742-412f-a99c-1c2a8287decb___UF.GRC_BS_Lab Leaf 1132.JPG,Tomato_Bacterial_spot,0.1976
D:\Authenticity_Gap_Project\real\Tomato_healthy\d835fbab-7301-4544-aba9-37cb5d25de9f___RS_HL 0506.JPG,Tomato_healthy,0.1972
D:\Authenticity_Gap_Project\real\Potato___Late_blight\27f1b297-f65a-458f-80d9-0046fa4c8c11___RS_LB 4332.JPG,Potato___Late_blight,0.1955
D:\Authenticity_Gap_Project\real\Tomato_healthy\15ba0299-5f38-47ed-ab19-fe6a72737705___RS_HL 9732.JPG,Tomato_healthy,0.195
D:\Authenticity_Gap_Project\real\Tomato_Bacterial_spot\28d82205-33bc-4119-b028-e97858fe3bc7___UF.GRC_BS_Lab Leaf 1119.JPG,Tomato_Bacterial_spot,0.1944
D:\Authenticity_Gap_Project\real\Potato___Late_blight\2269e6d9-bb15-49f1-8349-2f0126165960___RS_LB 3197.JPG,Potato___Late_blight,0.1937
D:\Authenticity_Gap_Project\real\Tomato_healthy\e110eaa3-3f80-477f-ad86-18b7e308b764___RS_HL 0349.JPG,Tomato_healthy,0.1926
D:\Authenticity_Gap_Project\real\Potato___Late_blight\fb13e4c8-17e4-48a9-899b-dfc7f302196c___RS_LB 4374.JPG,Potato___Late_blight,0.1924
D:\Authenticity_Gap_Project\real\Potato___Late_blight\b3e1ec14-6de4-4afc-9ceb-254469c8ce15___RS_LB 3910.JPG,Potato___Late_blight,0.1924
D:\Authenticity_Gap_Project\real\Potato___healthy\23f1ab77-d664-49c4-92eb-41eb66c6d101___RS_HL 4169.JPG,Potato___healthy,0.1919
D:\Authenticity_Gap_Project\real\Tomato_healthy\6657a918-63fb-49d1-a74d-8ef6bbb66231___RS_HL 9816.JPG,Tomato_healthy,0.1917
D:\Authenticity_Gap_Project\real\Tomato_Bacterial_spot\f1cc12b3-3116-4b31-81fc-6383303f84ae___UF.GRC_BS_Lab Leaf 0352.JPG,Tomato_Bacterial_spot,0.1916
D:\Authenticity_Gap_Project\real\Tomato_Bacterial_spot\ffbff5e5-6c0a-4005-9974-1cb6ac61b4c9___UF.GRC_BS_Lab Leaf 1108.JPG,Tomato_Bacterial_spot,0.1913
D:\Authenticity_Gap_Project\real\Tomato_Bacterial_spot\ed618153-da70-475f-be98-cc2b9c28214b___GCREC_Bact.Sp 6211.JPG,Tomato_Bacterial_spot,0.1913
D:\Authenticity_Gap_Project\real\Tomato_Bacterial_spot\fe5de322-e644-44d7-9492-86cc6ed022b5___UF.GRC_BS_Lab Leaf 9072.JPG,Tomato_Bacterial_spot,0.19
D:\Authenticity_Gap_Project\real\Tomato_healthy\ee83a3b8-911e-455e-be06-20583bfb6b74___GH_HL Leaf 451.JPG,Tomato_healthy,0.1897
D:\Authenticity_Gap_Project\real\Tomato_Bacterial_spot\a8fc7e5e-24c7-45f5-a794-29fab66dd122___GCREC_Bact.Sp 3726.JPG,Tomato_Bacterial_spot,0.1888
D:\Authenticity_Gap_Project\real\Tomato_Bacterial_spot\7e3bff88-4160-4ba5-bbe1-6c1eedb6c7c1___UF.GRC_BS_Lab Leaf 0858.JPG,Tomato_Bacterial_spot,0.1888
D:\Authenticity_Gap_Project\real\Potato___Late_blight\4043044d-1e8d-4861-9152-99660fdffa9e___RS_LB 4438.JPG,Potato___Late_blight,0.1882
D:\Authenticity_Gap_Project\real\Potato___Late_blight\324a0ba8-726a-4e6c-a15f-c32a1904f891___RS_LB 3078.JPG,Potato___Late_blight,0.1882
D:\Authenticity_Gap_Project\real\Tomato_Bacterial_spot\6e8eb50a-bb41-4bbd-a9f1-a6c829429cbc___GCREC_Bact.Sp 5891.JPG,Tomato_Bacterial_spot,0.188
D:\Authenticity_Gap_Project\real\Tomato_Bacterial_spot\fea5289e-4a3a-4891-bbcc-fb38b75a23f9___UF.GRC_BS_Lab Leaf 1164.JPG,Tomato_Bacterial_spot,0.1878
D:\Authenticity_Gap_Project\real\Tomato_Bacterial_spot\a18d9608-18d6-4d61-bee8-bed85e479663___GCREC_Bact.Sp 3484.JPG,Tomato_Bacterial_spot,0.1876
D:\Authenticity_Gap_Project\real\Tomato_Bacterial_spot\12168e10-ea77-4d6b-841e-bfe48e141cee___GCREC_Bact.Sp 6085.JPG,Tomato_Bacterial_spot,0.1863
D:\Authenticity_Gap_Project\real\Potato___Late_blight\80e39105-97cd-4368-9e3a-b5498ae1c0a2___RS_LB 4474.JPG,Potato___Late_blight,0.1862
D:\Authenticity_Gap_Project\real\Tomato_Bacterial_spot\3eb58ecd-dff2-47e6-a7a9-81fc4b75ada0___GCREC_Bact.Sp 5563.JPG,Tomato_Bacterial_spot,0.1861
D:\Authenticity_Gap_Project\real\Tomato_Bacterial_spot\5b3d632e-acdb-4864-bae6-730306b44cd5___GCREC_Bact.Sp 3710.JPG,Tomato_Bacterial_spot,0.1854
D:\Authenticity_Gap_Project\real\Potato___healthy\413bc2e9-eb2a-48fd-ba65-48b5121fd85c___RS_HL 4200.JPG,Potato___healthy,0.1853
D:\Authenticity_Gap_Project\real\Tomato_Bacterial_spot\bfe43257-51c4-40c9-8989-a193b19ee2ed___GCREC_Bact.Sp 6111.JPG,Tomato_Bacterial_spot,0.1853
D:\Authenticity_Gap_Project\real\Tomato_Bacterial_spot\b6d72c2e-9e41-4215-af23-8e84d94d839f___UF.GRC_BS_Lab Leaf 9065.JPG,Tomato_Bacterial_spot,0.1852
D:\Authenticity_Gap_Project\real\Tomato_Bacterial_spot\6b68592a-aa06-4fac-ac47-b6d341e6f45e___UF.GRC_BS_Lab Leaf 0343.JPG,Tomato_Bacterial_spot,0.1851
D:\Authenticity_Gap_Project\real\Tomato_Bacterial_spot\db498ce2-43f3-46e8-a5ab-0af97ba95b3b___GCREC_Bact.Sp 6209.JPG,Tomato_Bacterial_spot,0.1851
D:\Authenticity_Gap_Project\real\Tomato_Bacterial_spot\fd0edb16-764c-4f1d-8425-d7f67f7564c2___UF.GRC_BS_Lab Leaf 9084.JPG,Tomato_Bacterial_spot,0.1849
D:\Authenticity_Gap_Project\real\Potato___Early_blight\3de47a70-4a74-462f-8b56-2088507be4ef___RS_Early.B 8832.JPG,Potato___Early_blight,0.1849
D:\Authenticity_Gap_Project\real\Potato___Early_blight\9d0c69df-f5dc-4118-a654-ab40d100b9b6___RS_Early.B 8870.JPG,Potato___Early_blight,0.1847
D:\Authenticity_Gap_Project\real\Tomato_Bacterial_spot\fe95468b-717b-4a28-ba8d-dfb156a93a0e___GCREC_Bact.Sp 6216.JPG,Tomato_Bacterial_spot,0.1847
D:\Authenticity_Gap_Project\real\Tomato_Bacterial_spot\722f1c0d-d487-4209-b2cc-6d9ce7d2ecaa___GCREC_Bact.Sp 6238.JPG,Tomato_Bacterial_spot,0.1846
D:\Authenticity_Gap_Project\real\Potato___Late_blight\66473aff-3438-4a8c-8c05-5fed8a4255ae___RS_LB 4473.JPG,Potato___Late_blight,0.1842
D:\Authenticity_Gap_Project\real\Tomato_Bacterial_spot\adcd966b-b53f-471e-8e67-156481c0f4ed___GCREC_Bact.Sp 3316.JPG,Tomato_Bacterial_spot,0.1839
D:\Authenticity_Gap_Project\real\Tomato_Bacterial_spot\fdd0012a-bf6a-4c3f-83b7-8e11a58f69d4___GCREC_Bact.Sp 6285.JPG,Tomato_Bacterial_spot,0.1838
D:\Authenticity_Gap_Project\real\Tomato_Bacterial_spot\43d79893-c9e3-49b1-9dd7-52677d9bd325___GCREC_Bact.Sp 3196.JPG,Tomato_Bacterial_spot,0.1837
D:\Authenticity_Gap_Project\real\Tomato_Bacterial_spot\87946145-3625-4e66-8570-c7c0d2c4a388___UF.GRC_BS_Lab Leaf 1148.JPG,Tomato_Bacterial_spot,0.1834
D:\Authenticity_Gap_Project\real\Tomato_Bacterial_spot\00639d29-2d1a-4fcf-9bd3-a2b3109c74c4___UF.GRC_BS_Lab Leaf 1054.JPG,Tomato_Bacterial_spot,0.1832
D:\Authenticity_Gap_Project\real\Potato___Late_blight\49e55f8e-4d44-452c-8e59-d4c4f0ae1085___RS_LB 4333.JPG,Potato___Late_blight,0.1832
D:\Authenticity_Gap_Project\real\Tomato_Bacterial_spot\3c7e6602-8832-4502-9a10-fc06389b9604___UF.GRC_BS_Lab Leaf 0641.JPG,Tomato_Bacterial_spot,0.1819
D:\Authenticity_Gap_Project\real\Tomato_healthy\190a6af7-d7b1-4265-b05b-c126a7962c93___GH_HL Leaf 408.JPG,Tomato_healthy,0.1817
D:\Authenticity_Gap_Project\real\Tomato_healthy\63568703-0cfc-4d23-a5e1-e3393df2d2fc___RS_HL 0246.JPG,Tomato_healthy,0.1812
D:\Authenticity_Gap_Project\real\Tomato_healthy\fab41c44-a8b6-4821-8ffa-08a2c1234970___RS_HL 0070.JPG,Tomato_healthy,0.1811
D:\Authenticity_Gap_Project\real\Tomato_Bacterial_spot\0f952ca0-e30b-4075-8bb9-1ebccb8aeb9f___GCREC_Bact.Sp 3326.JPG,Tomato_Bacterial_spot,0.181
D:\Authenticity_Gap_Project\real\Potato___Early_blight\d9293730-8ba7-4f41-936a-eb129bde096b___RS_Early.B 8102.JPG,Potato___Early_blight,0.1808
D:\Authenticity_Gap_Project\real\Tomato_healthy\1bfeed83-f119-46cd-b806-0e17e1dae136___RS_HL 0017.JPG,Tomato_healthy,0.1801
D:\Authenticity_Gap_Project\real\Tomato_Bacterial_spot\5a82e7de-a72d-40cf-8e22-afe0e371fbf9___GCREC_Bact.Sp 6126.JPG,Tomato_Bacterial_spot,0.1794
D:\Authenticity_Gap_Project\real\Potato___Late_blight\a7dad20a-b0c0-408b-a961-17928319e17f___RS_LB 4645.JPG,Potato___Late_blight,0.1791
D:\Authenticity_Gap_Project\real\Tomato_Bacterial_spot\31ebf507-8a9d-42ac-89fa-54cbc98cc1d9___GCREC_Bact.Sp 6388.JPG,Tomato_Bacterial_spot,0.1789
D:\Authenticity_Gap_Project\real\Potato___Early_blight\0e6b9e09-2bcd-41e0-b001-b80a33a8a78b___RS_Early.B 8694.JPG,Potato___Early_blight,0.1788
D:\Authenticity_Gap_Project\real\Potato___Late_blight\d2ff230f-99a5-4dc5-968c-246d772788af___RS_LB 3279.JPG,Potato___Late_blight,0.1782
D:\Authenticity_Gap_Project\real\Potato___Late_blight\b64e4518-147a-4a75-9f9b-33db8902aa12___RS_LB 3202.JPG,Potato___Late_blight,0.1775
D:\Authenticity_Gap_Project\real\Tomato_healthy\c11a3cf1-de74-421e-89d0-11ea1508673d___RS_HL 0185.JPG,Tomato_healthy,0.1775
D:\Authenticity_Gap_Project\real\Tomato_Bacterial_spot\513411b7-3388-4d3f-b1d2-6fe67b11a5ec___GCREC_Bact.Sp 5814.JPG,Tomato_Bacterial_spot,0.1775
D:\Authenticity_Gap_Project\real\Potato___Early_blight\3ab17a89-2e50-49c2-bb75-518369da98c1___RS_Early.B 8636.JPG,Potato___Early_blight,0.1774
D:\Authenticity_Gap_Project\real\Tomato_healthy\af409ada-072e-4b27-ab15-5cd00116f82e___RS_HL 9824.JPG,Tomato_healthy,0.1773
D:\Authenticity_Gap_Project\real\Tomato_Bacterial_spot\25a52867-003f-4390-a80d-03c63c038e9a___UF.GRC_BS_Lab Leaf 0341.JPG,Tomato_Bacterial_spot,0.1771
D:\Authenticity_Gap_Project\real\Tomato_healthy\630ae481-49e7-470c-ad05-177132a6648a___RS_HL 0178.JPG,Tomato_healthy,0.1771
D:\Authenticity_Gap_Project\real\Tomato_Bacterial_spot\888463af-3611-49bb-bbf3-b3b35d0496dd___UF.GRC_BS_Lab Leaf 8725.JPG,Tomato_Bacterial_spot,0.177
D:\Authenticity_Gap_Project\real\Tomato_Bacterial_spot\aeb3e3c0-e171-4591-a00a-9e6d353d52e8___GCREC_Bact.Sp 3778.JPG,Tomato_Bacterial_spot,0.177
D:\Authenticity_Gap_Project\real\Tomato_healthy\7beda862-3964-4839-9d08-b9b3fa27b028___RS_HL 9952.JPG,Tomato_healthy,0.1769
D:\Authenticity_Gap_Project\real\Tomato_healthy\acdf2283-0e7c-4ccd-8817-1019e3a8ed20___RS_HL 9943.JPG,Tomato_healthy,0.1766
D:\Authenticity_Gap_Project\real\Tomato_Bacterial_spot\1737e7ba-181e-400c-ab66-7723468e277f___UF.GRC_BS_Lab Leaf 0348.JPG,Tomato_Bacterial_spot,0.1761
D:\Authenticity_Gap_Project\real\Potato___Early_blight\a38df468-bb4a-4bb3-9ee9-a2dffae718e9___RS_Early.B 8690.JPG,Potato___Early_blight,0.1757
D:\Authenticity_Gap_Project\real\Tomato_healthy\5dbc2db5-5bb2-4a3c-9a90-d2228c1462f8___RS_HL 9770.JPG,Tomato_healthy,0.1753
D:\Authenticity_Gap_Project\real\Tomato_Bacterial_spot\095f2dd4-7e65-44ab-a867-c5d9634ec532___GCREC_Bact.Sp 3801.JPG,Tomato_Bacterial_spot,0.1751
D:\Authenticity_Gap_Project\real\Potato___Late_blight\65bab626-51a1-4d16-ab9c-ddd25f4e2e33___RS_LB 4927.JPG,Potato___Late_blight,0.1748
D:\Authenticity_Gap_Project\real\Tomato_Bacterial_spot\ef201af2-bb22-4c9f-bbdd-d6258f215cf6___UF.GRC_BS_Lab Leaf 1112.JPG,Tomato_Bacterial_spot,0.1741
D:\Authenticity_Gap_Project\real\Potato___healthy\36bdc44c-96a4-40bb-86f7-63a91d706e96___RS_HL 4203.JPG,Potato___healthy,0.1738
D:\Authenticity_Gap_Project\real\Potato___Early_blight\24fb74df-0aa9-4e89-9ba4-55a4664438ab___RS_Early.B 8634.JPG,Potato___Early_blight,0.1735
D:\Authenticity_Gap_Project\real\Tomato_healthy\130c7763-2ace-42bc-b2f0-ef78be095e8c___RS_HL 0171.JPG,Tomato_healthy,0.172
D:\Authenticity_Gap_Project\real\Tomato_Bacterial_spot\c7281266-81e4-4ef3-a601-7662898fe565___GCREC_Bact.Sp 3148.JPG,Tomato_Bacterial_spot,0.1719
D:\Authenticity_Gap_Project\real\Tomato_Bacterial_spot\afb75fca-bf21-4def-99aa-1fdf5455a95a___GCREC_Bact.Sp 3440.JPG,Tomato_Bacterial_spot,0.1714
D:\Authenticity_Gap_Project\real\Potato___Early_blight\31d0ecc8-045d-4a4a-ac33-431556c83e4c___RS_Early.B 8692.JPG,Potato___Early_blight,0.1711
D:\Authenticity_Gap_Project\real\Tomato_healthy\f2758dd2-5274-45df-8f00-639731ec3120___RS_HL 9750.JPG,Tomato_healthy,0.1702
D:\Authenticity_Gap_Project\real\Potato___Late_blight\2b974785-090d-4dae-81a2-ce3ebc2a1c68___RS_LB 4634.JPG,Potato___Late_blight,0.1699
D:\Authenticity_Gap_Project\real\Tomato_Bacterial_spot\0eeb4776-110d-4100-8c88-26a64eb05b22___GCREC_Bact.Sp 6101.JPG,Tomato_Bacterial_spot,0.1698
D:\Authenticity_Gap_Project\real\Potato___Late_blight\10f41035-20e2-4037-96b6-474ce343d6c2___RS_LB 2725.JPG,Potato___Late_blight,0.1694
D:\Authenticity_Gap_Project\real\Potato___Late_blight\d7fdf2fa-8a55-4ff5-86a2-ca73c5883e93___RS_LB 4665.JPG,Potato___Late_blight,0.1693
D:\Authenticity_Gap_Project\real\Tomato_Bacterial_spot\9be12ff4-ce19-4681-80ec-bc21543a74af___GCREC_Bact.Sp 3318.JPG,Tomato_Bacterial_spot,0.1692
D:\Authenticity_Gap_Project\real\Potato___Early_blight\5fd6c76a-1e89-4991-9991-2b61670d5175___RS_Early.B 8208.JPG,Potato___Early_blight,0.1691
D:\Authenticity_Gap_Project\real\Tomato_Bacterial_spot\47ad1c56-26d9-46b8-a7b0-473a56024129___GCREC_Bact.Sp 3856.JPG,Tomato_Bacterial_spot,0.1689
D:\Authenticity_Gap_Project\real\Tomato_Bacterial_spot\d5b68019-d730-432d-80b5-dcd87b39742d___UF.GRC_BS_Lab Leaf 1200.JPG,Tomato_Bacterial_spot,0.1688
D:\Authenticity_Gap_Project\real\Tomato_Bacterial_spot\1ba1b688-e5b6-4871-8e70-edbf17bef408___GCREC_Bact.Sp 6125.JPG,Tomato_Bacterial_spot,0.1683
D:\Authenticity_Gap_Project\real\Tomato_Bacterial_spot\55ab0db9-5d18-4634-ab2a-db1a2c3f4299___UF.GRC_BS_Lab Leaf 1032.JPG,Tomato_Bacterial_spot,0.1683
D:\Authenticity_Gap_Project\real\Potato___Early_blight\e6d543a1-8e5e-4709-9329-b93d63f52edf___RS_Early.B 8324.JPG,Potato___Early_blight,0.168
D:\Authenticity_Gap_Project\real\Potato___Late_blight\0f1fb568-1b12-45ef-ad99-c59fa9075693___RS_LB 3242.JPG,Potato___Late_blight,0.1678
D:\Authenticity_Gap_Project\real\Tomato_Bacterial_spot\9db76d87-45bd-4843-a9b8-8f10a85a302c___GCREC_Bact.Sp 3714.JPG,Tomato_Bacterial_spot,0.1678
D:\Authenticity_Gap_Project\real\Tomato_Bacterial_spot\90c73b3d-1467-4c37-81d0-a264e13348a6___GCREC_Bact.Sp 3147.JPG,Tomato_Bacterial_spot,0.1676
D:\Authenticity_Gap_Project\real\Tomato_Bacterial_spot\b0fc7984-f1bf-4d50-b495-0a363445158f___UF.GRC_BS_Lab Leaf 9102.JPG,Tomato_Bacterial_spot,0.1674
D:\Authenticity_Gap_Project\real\Potato___Early_blight\f8de1c8d-67a0-4825-9ad6-e15809ff909c___RS_Early.B 7348.JPG,Potato___Early_blight,0.1672
D:\Authenticity_Gap_Project\real\Tomato_Bacterial_spot\496716ca-78e6-4ae6-b3d4-2ed9f91f52b0___GCREC_Bact.Sp 3660.JPG,Tomato_Bacterial_spot,0.1671
D:\Authenticity_Gap_Project\real\Tomato_healthy\8edbb3bf-ae44-4870-9c39-cd33fd088a55___RS_HL 0429.JPG,Tomato_healthy,0.167
D:\Authenticity_Gap_Project\real\Tomato_Bacterial_spot\2224e59e-d71f-4d3e-8d48-7dc90551aeb1___UF.GRC_BS_Lab Leaf 0251.JPG,Tomato_Bacterial_spot,0.1669
D:\Authenticity_Gap_Project\real\Tomato_Bacterial_spot\500ac3b7-1e92-4cd1-8c80-9e5270cf02d4___GCREC_Bact.Sp 6210.JPG,Tomato_Bacterial_spot,0.1669
D:\Authenticity_Gap_Project\real\Potato___Late_blight\6fea732f-0819-4ba1-922a-8cbb1a94baff___RS_LB 3336.JPG,Potato___Late_blight,0.1665
D:\Authenticity_Gap_Project\real\Tomato_Bacterial_spot\ae56e1f5-973e-4d9a-9d7e-25233f6d2c25___GCREC_Bact.Sp 3632.JPG,Tomato_Bacterial_spot,0.1664
D:\Authenticity_Gap_Project\real\Tomato_healthy\717efedc-6fcb-4509-895f-369d82161acf___RS_HL 0184.JPG,Tomato_healthy,0.1663
D:\Authenticity_Gap_Project\real\Tomato_Bacterial_spot\9be85690-9fdb-4ddd-b007-686bc4074786___GCREC_Bact.Sp 5780.JPG,Tomato_Bacterial_spot,0.1662
D:\Authenticity_Gap_Project\real\Tomato_Bacterial_spot\79466870-1413-4b75-93e6-31b827cfa3ac___GCREC_Bact.Sp 6043.JPG,Tomato_Bacterial_spot,0.1659
D:\Authenticity_Gap_Project\real\Tomato_Bacterial_spot\3fa087fa-ee1e-4c2a-92da-66230e00ea44___UF.GRC_BS_Lab Leaf 0706.JPG,Tomato_Bacterial_spot,0.1658
D:\Authenticity_Gap_Project\real\Tomato_Bacterial_spot\934f7497-94be-4557-8e25-6bc9b27ba7ba___UF.GRC_BS_Lab Leaf 0392.JPG,Tomato_Bacterial_spot,0.1658
D:\Authenticity_Gap_Project\real\Tomato_healthy\1479f22a-c0d6-4dac-a752-578f575f276d___GH_HL Leaf 173.5.JPG,Tomato_healthy,0.1657
D:\Authenticity_Gap_Project\real\Potato___Early_blight\8f0e2872-e5c6-43b2-97f9-269da00cd400___RS_Early.B 8089.JPG,Potato___Early_blight,0.1656
D:\Authenticity_Gap_Project\real\Tomato_Bacterial_spot\f5b9b1ee-1abf-489f-be80-a4c80bfb2820___UF.GRC_BS_Lab Leaf 0445.JPG,Tomato_Bacterial_spot,0.1654
D:\Authenticity_Gap_Project\real\Tomato_healthy\acdbf632-8d26-472d-874f-6d7df5cd0432___RS_HL 9897.JPG,Tomato_healthy,0.1653
D:\Authenticity_Gap_Project\real\Potato___Early_blight\5755142f-0cba-45b7-a563-beb1bf6db374___RS_Early.B 8321.JPG,Potato___Early_blight,0.1653
D:\Authenticity_Gap_Project\real\Tomato_Bacterial_spot\9579c6c6-2bd1-4bd9-ba38-22791662a30e___GCREC_Bact.Sp 3544.JPG,Tomato_Bacterial_spot,0.1652
D:\Authenticity_Gap_Project\real\Potato___Late_blight\b0945b27-3331-4f03-b1c9-1465e12577aa___RS_LB 4355.JPG,Potato___Late_blight,0.1649
D:\Authenticity_Gap_Project\real\Tomato_healthy\b2793705-a666-4ba0-ac9f-3b60fc0bbdf4___RS_HL 0342.JPG,Tomato_healthy,0.1648
D:\Authenticity_Gap_Project\real\Tomato_Bacterial_spot\431d6abc-9adb-4454-a3c6-e6b6a3ec79db___GCREC_Bact.Sp 6045.JPG,Tomato_Bacterial_spot,0.1647
D:\Authenticity_Gap_Project\real\Tomato_healthy\cc289e5c-7899-4081-9ea9-c3dc3ad3d2d4___GH_HL Leaf 408.1.JPG,Tomato_healthy,0.1644
D:\Authenticity_Gap_Project\real\Tomato_healthy\185440e0-ca0a-4cd6-aba7-d03fae21552f___RS_HL 0141.JPG,Tomato_healthy,0.1642
D:\Authenticity_Gap_Project\real\Tomato_Bacterial_spot\9a323188-21b6-404a-b5f5-995915dd861f___GCREC_Bact.Sp 6083.JPG,Tomato_Bacterial_spot,0.1642
D:\Authenticity_Gap_Project\real\Tomato_healthy\7e0f5a39-e44e-40fe-8486-f369cb59895b___RS_HL 9790.JPG,Tomato_healthy,0.164
D:\Authenticity_Gap_Project\real\Potato___Late_blight\4337f628-ff14-4603-9120-8639c78cacea___RS_LB 3183.JPG,Potato___Late_blight,0.1639
D:\Authenticity_Gap_Project\real\Potato___Early_blight\c3bf3f15-b1ae-4e36-97a4-f341879db6ae___RS_Early.B 8263.JPG,Potato___Early_blight,0.1638
D:\Authenticity_Gap_Project\real\Tomato_Bacterial_spot\963e1eca-9916-4918-a2da-0f5feaef000a___UF.GRC_BS_Lab Leaf 0269.JPG,Tomato_Bacterial_spot,0.1636
D:\Authenticity_Gap_Project\real\Tomato_healthy\cea3c7e9-94d8-4f97-bd50-e19a428c5162___RS_HL 0013.JPG,Tomato_healthy,0.1636
D:\Authenticity_Gap_Project\real\Tomato_Bacterial_spot\ef79c0ac-b8c5-437b-8d10-971f819b4ab8___GCREC_Bact.Sp 6084.JPG,Tomato_Bacterial_spot,0.1632
D:\Authenticity_Gap_Project\real\Tomato_healthy\93c9da62-19ca-4e90-b355-0dc71ff5cc4b___RS_HL 9752.JPG,Tomato_healthy,0.163
D:\Authenticity_Gap_Project\real\Tomato_Bacterial_spot\30dab838-d0e4-4028-9992-39a30009c167___GCREC_Bact.Sp 5829.JPG,Tomato_Bacterial_spot,0.1624
D:\Authenticity_Gap_Project\real\Tomato_healthy\9dc940f8-cd79-4341-95ef-f845583d9dff___RS_HL 9751.JPG,Tomato_healthy,0.1622
D:\Authenticity_Gap_Project\real\Tomato_Bacterial_spot\f2cd6d62-01d1-4396-99f7-af3137a3bdc0___GCREC_Bact.Sp 5890.JPG,Tomato_Bacterial_spot,0.1622
D:\Authenticity_Gap_Project\real\Tomato_healthy\5ac6005e-d9b6-4847-bd28-e43038e02450___RS_HL 0489.JPG,Tomato_healthy,0.1622
D:\Authenticity_Gap_Project\real\Tomato_Bacterial_spot\da471a01-eb1c-4b89-9b21-6dee2719c200___UF.GRC_BS_Lab Leaf 0495.JPG,Tomato_Bacterial_spot,0.1622
D:\Authenticity_Gap_Project\real\Potato___Late_blight\319335dc-6a48-4fe4-932b-326f1455f3cd___RS_LB 4703.JPG,Potato___Late_blight,0.1621
D:\Authenticity_Gap_Project\real\Tomato_Bacterial_spot\66348a1f-6ca3-43c3-9883-ccf79c8dec89___GCREC_Bact.Sp 3640.JPG,Tomato_Bacterial_spot,0.162
D:\Authenticity_Gap_Project\real\Tomato_healthy\6e583c78-1f36-4d5e-bc0e-24f3c76a2c1d___RS_HL 0284.JPG,Tomato_healthy,0.1619
D:\Authenticity_Gap_Project\real\Potato___Late_blight\19323229-6fdc-4231-bd3e-a46ddcff2111___RS_LB 3196.JPG,Potato___Late_blight,0.1619
D:\Authenticity_Gap_Project\real\Potato___Late_blight\1f560f09-0b70-40c9-b907-4cac9ba47b8d___RS_LB 3184.JPG,Potato___Late_blight,0.1616
D:\Authenticity_Gap_Project\real\Tomato_Bacterial_spot\9de6c73c-49a3-4cd4-bc44-283a96b12328___GCREC_Bact.Sp 3574.JPG,Tomato_Bacterial_spot,0.1612
D:\Authenticity_Gap_Project\real\Tomato_healthy\95a43787-4b69-4ad8-854f-7d8cbd1e6cac___RS_HL 9642.JPG,Tomato_healthy,0.1611
D:\Authenticity_Gap_Project\real\Potato___healthy\ec6e43d3-512d-4908-99f2-c9e2a0be54be___RS_HL 4202.JPG,Potato___healthy,0.1611
D:\Authenticity_Gap_Project\real\Tomato_healthy\c4237d59-bfd9-476a-93c1-c0c3c3fef4ef___RS_HL 0068.JPG,Tomato_healthy,0.161
D:\Authenticity_Gap_Project\real\Tomato_healthy\12a3a4c8-0f82-419c-9a7f-0fc6d261299a___RS_HL 9988.JPG,Tomato_healthy,0.161
D:\Authenticity_Gap_Project\real\Tomato_Bacterial_spot\372d40b5-aac9-43d3-b9e7-08d52467622c___GCREC_Bact.Sp 6215.JPG,Tomato_Bacterial_spot,0.1608
D:\Authenticity_Gap_Project\real\Tomato_healthy\bb0d7ad0-8374-41a1-85bd-699892bb8431___RS_HL 0176.JPG,Tomato_healthy,0.1606
D:\Authenticity_Gap_Project\real\Tomato_Bacterial_spot\ad2c35c8-fa0b-472b-94da-74699da0dede___GCREC_Bact.Sp 6046.JPG,Tomato_Bacterial_spot,0.1604
D:\Authenticity_Gap_Project\real\Tomato_Bacterial_spot\b174fcf1-c7be-4819-8c91-4b3897b92297___GCREC_Bact.Sp 3195.JPG,Tomato_Bacterial_spot,0.1603
D:\Authenticity_Gap_Project\real\Potato___Late_blight\85bbcdd2-a9fe-46d1-8e0e-f4e2c5e885fe___RS_LB 3218.JPG,Potato___Late_blight,0.16
D:\Authenticity_Gap_Project\real\Tomato_Bacterial_spot\34f9b271-4f62-4fd4-8c69-edfdf3b08314___UF.GRC_BS_Lab Leaf 1199.JPG,Tomato_Bacterial_spot,0.16
D:\Authenticity_Gap_Project\real\Potato___Late_blight\fc748621-bd56-4012-a617-9e30df58ecfc___RS_LB 4402.JPG,Potato___Late_blight,0.16
D:\Authenticity_Gap_Project\real\Tomato_healthy\d7aed304-347b-4c78-ac63-b29db901e1d4___RS_HL 0061.JPG,Tomato_healthy,0.1597
D:\Authenticity_Gap_Project\real\Tomato_Bacterial_spot\58b4de6b-90af-4c5b-a95b-3fdd953c9255___GCREC_Bact.Sp 5830.JPG,Tomato_Bacterial_spot,0.1595
D:\Authenticity_Gap_Project\real\Tomato_Bacterial_spot\b227ea2d-9b5c-48a3-9746-033207311fc6___GCREC_Bact.Sp 3794.JPG,Tomato_Bacterial_spot,0.1594
D:\Authenticity_Gap_Project\real\Tomato_Bacterial_spot\56a71742-bb4c-4fde-8f21-5ebc5f37514d___GCREC_Bact.Sp 5738.JPG,Tomato_Bacterial_spot,0.1594
D:\Authenticity_Gap_Project\real\Tomato_Bacterial_spot\dbbb04ee-e2ea-4c76-bf67-c3a0aa708407___UF.GRC_BS_Lab Leaf 0508.JPG,Tomato_Bacterial_spot,0.1594
D:\Authenticity_Gap_Project\real\Tomato_healthy\784b04db-e95c-4afb-b451-1b6837d0d90e___RS_HL 0059.JPG,Tomato_healthy,0.1594
D:\Authenticity_Gap_Project\real\Tomato_Bacterial_spot\0db0e663-b580-45b3-bd20-bc8a7f3d8b34___GCREC_Bact.Sp 6189.JPG,Tomato_Bacterial_spot,0.1593
D:\Authenticity_Gap_Project\real\Tomato_Bacterial_spot\7236e643-bb0f-475e-8bb6-41981fc696f4___UF.GRC_BS_Lab Leaf 8747.JPG,Tomato_Bacterial_spot,0.1592
D:\Authenticity_Gap_Project\real\Tomato_Bacterial_spot\2b011bd3-107c-4a83-b961-eb7131d2a76a___UF.GRC_BS_Lab Leaf 0281.JPG,Tomato_Bacterial_spot,0.1592
D:\Authenticity_Gap_Project\real\Potato___Late_blight\77e2a857-e169-42f4-9886-708024781837___RS_LB 4705.JPG,Potato___Late_blight,0.1591
D:\Authenticity_Gap_Project\real\Tomato_healthy\8e9914bb-920e-4469-b1d4-580ab5e8790a___RS_HL 0069.JPG,Tomato_healthy,0.159
D:\Authenticity_Gap_Project\real\Potato___Late_blight\d78c58b2-c9d1-43f2-8b18-4455855c0f1f___RS_LB 3288.JPG,Potato___Late_blight,0.1589
D:\Authenticity_Gap_Project\real\Potato___Late_blight\815516f8-6fb1-4f92-bdff-63349e5ee83f___RS_LB 3237.JPG,Potato___Late_blight,0.1588
D:\Authenticity_Gap_Project\real\Tomato_healthy\59b3cd39-7a2f-4dc0-a08b-4c88f893f338___RS_HL 9792.JPG,Tomato_healthy,0.1587
D:\Authenticity_Gap_Project\real\Potato___Late_blight\050b6d37-4056-4c6c-8359-d7823a488531___RS_LB 3944.JPG,Potato___Late_blight,0.1587
D:\Authenticity_Gap_Project\real\Potato___Early_blight\392c5f68-3ee5-4b61-90e9-afa16375beb8___RS_Early.B 8047.JPG,Potato___Early_blight,0.158
D:\Authenticity_Gap_Project\real\Potato___Late_blight\c3134b97-50a1-4aa2-937d-1e15405b9803___RS_LB 4565.JPG,Potato___Late_blight,0.1577
D:\Authenticity_Gap_Project\real\Potato___Early_blight\769b00f1-f5cf-4dee-a2c6-6e97414450f6___RS_Early.B 9149.JPG,Potato___Early_blight,0.1574
D:\Authenticity_Gap_Project\real\Tomato_healthy\5bded339-547a-4f93-b7cf-bbf8c948aa26___RS_HL 9748.JPG,Tomato_healthy,0.1573
D:\Authenticity_Gap_Project\real\Potato___Late_blight\89c3b470-f3e6-4a8c-90a0-edfc0ef73085___RS_LB 4543.JPG,Potato___Late_blight,0.1572
D:\Authenticity_Gap_Project\real\Potato___healthy\3a00204c-5e53-4e5d-95a6-f8819031744e___RS_HL 5420.JPG,Potato___healthy,0.1572
D:\Authenticity_Gap_Project\real\Potato___Early_blight\d06681cc-3ed1-4af2-ae40-2597eaea3dd4___RS_Early.B 8691.JPG,Potato___Early_blight,0.1571
D:\Authenticity_Gap_Project\real\Potato___Late_blight\790eb0ba-6878-4b5a-85fb-481aa37783a3___RS_LB 3872.JPG,Potato___Late_blight,0.1567
D:\Authenticity_Gap_Project\real\Potato___Early_blight\e40b6718-52b6-46a7-970c-5f1b6bae23af___RS_Early.B 8287.JPG,Potato___Early_blight,0.1563
D:\Authenticity_Gap_Project\real\Potato___Early_blight\4a7c680d-9c18-4065-a6e0-70cd2d0a3207___RS_Early.B 8107.JPG,Potato___Early_blight,0.156
D:\Authenticity_Gap_Project\real\Potato___healthy\111cd9d8-4d27-4225-be9e-d29b21cf56b9___RS_HL 5419.JPG,Potato___healthy,0.1557
D:\Authenticity_Gap_Project\real\Potato___Late_blight\fdb7d904-91df-4f00-85bd-0fb038723329___RS_LB 2628.JPG,Potato___Late_blight,0.1555
D:\Authenticity_Gap_Project\real\Potato___Early_blight\1082eee1-189d-4e0f-96b5-8b1393be4c4c___RS_Early.B 8743.JPG,Potato___Early_blight,0.1552
D:\Authenticity_Gap_Project\real\Tomato_healthy\0576ef4b-c843-4dfb-b148-c917f7d605b7___GH_HL Leaf 299.JPG,Tomato_healthy,0.155
D:\Authenticity_Gap_Project\real\Tomato_healthy\13053341-b112-411c-bc76-8cadbcb4eded___GH_HL Leaf 223.JPG,Tomato_healthy,0.1548
D:\Authenticity_Gap_Project\real\Potato___Late_blight\04b964fd-7033-4cdf-88ef-b1acbcd8183a___RS_LB 2783.JPG,Potato___Late_blight,0.1542
D:\Authenticity_Gap_Project\real\Potato___Late_blight\55ed5831-c628-4352-87a8-13077705fb9a___RS_LB 2872.JPG,Potato___Late_blight,0.1535
D:\Authenticity_Gap_Project\real\Tomato_healthy\225003c5-d8a1-48ce-b315-42df4b99c51a___RS_HL 0464.JPG,Tomato_healthy,0.1532
D:\Authenticity_Gap_Project\real\Tomato_healthy\d84eb3b6-3321-4034-9bcc-d2cddb8a3467___RS_HL 0053.JPG,Tomato_healthy,0.1528
D:\Authenticity_Gap_Project\real\Potato___Early_blight\686938d8-5fcc-4482-850f-0e8720206046___RS_Early.B 7769.JPG,Potato___Early_blight,0.1527
D:\Authenticity_Gap_Project\real\Tomato_healthy\b9c8c02c-146e-4d10-b16d-d6d4b245eff9___GH_HL Leaf 233.1.JPG,Tomato_healthy,0.1525
D:\Authenticity_Gap_Project\real\Potato___Early_blight\201fed44-8dde-4ece-9e76-3706b8afdf46___RS_Early.B 8259.JPG,Potato___Early_blight,0.1525
D:\Authenticity_Gap_Project\real\Potato___healthy\07dfb451-4378-49d1-b699-33a5fc49ff07___RS_HL 5399.JPG,Potato___healthy,0.1523
D:\Authenticity_Gap_Project\real\Potato___Late_blight\c0aeb29d-b504-47b5-aa5f-940a4f3b4e89___RS_LB 2972.JPG,Potato___Late_blight,0.1523
D:\Authenticity_Gap_Project\real\Potato___Late_blight\3221ccec-f264-4046-8252-77a8a357562b___RS_LB 4637.JPG,Potato___Late_blight,0.152
D:\Authenticity_Gap_Project\real\Potato___Late_blight\e439b96c-2ff6-4d53-b8f0-1ed720536b0c___RS_LB 4449.JPG,Potato___Late_blight,0.1519
D:\Authenticity_Gap_Project\real\Potato___Late_blight\2f76c068-ebba-499d-8819-2d12bde41695___RS_LB 3232.JPG,Potato___Late_blight,0.1518
D:\Authenticity_Gap_Project\real\Tomato_healthy\18fa622c-8257-479a-9c81-7a6fe9a3a41b___GH_HL Leaf 428.JPG,Tomato_healthy,0.1517
D:\Authenticity_Gap_Project\real\Tomato_healthy\851e1102-43d8-4bc7-8c41-28e5412b1863___RS_HL 9660.JPG,Tomato_healthy,0.1514
D:\Authenticity_Gap_Project\real\Potato___healthy\57e24d88-fd01-4422-b8b5-d688d2296184___RS_HL 5401.JPG,Potato___healthy,0.1514
D:\Authenticity_Gap_Project\real\Potato___Early_blight\f56f07b9-9f3a-4c80-a4f8-daf49f479db2___RS_Early.B 8741.JPG,Potato___Early_blight,0.1508
D:\Authenticity_Gap_Project\real\Potato___Late_blight\1757f48b-435b-4c4a-9de6-47b959ed1e67___RS_LB 5295.JPG,Potato___Late_blight,0.1507
D:\Authenticity_Gap_Project\real\Potato___Late_blight\c77d14df-faac-47e9-97e1-fc84a7aa6e74___RS_LB 4322.JPG,Potato___Late_blight,0.1499
D:\Authenticity_Gap_Project\real\Potato___Early_blight\85a9856f-d5ae-4740-a038-517489a25ff5___RS_Early.B 8635.JPG,Potato___Early_blight,0.1498
D:\Authenticity_Gap_Project\real\Potato___Early_blight\4bac4925-72ff-43e7-8726-5e2126c6c30d___RS_Early.B 8206.JPG,Potato___Early_blight,0.1494
D:\Authenticity_Gap_Project\real\Potato___Early_blight\d2dcbc63-47c6-4a67-914b-cb1e117b58b0___RS_Early.B 7159.JPG,Potato___Early_blight,0.1493
D:\Authenticity_Gap_Project\real\Potato___Early_blight\92a30efc-6b2f-4e17-8688-e477e5d39bd9___RS_Early.B 7343.JPG,Potato___Early_blight,0.1487
D:\Authenticity_Gap_Project\real\Potato___healthy\bde33d08-678c-4f84-b80e-fcb986a9a446___RS_HL 5415.JPG,Potato___healthy,0.1486
D:\Authenticity_Gap_Project\real\Potato___Late_blight\dd55ba8d-a425-4b06-9996-bbf315d71e6e___RS_LB 2737.JPG,Potato___Late_blight,0.1484
D:\Authenticity_Gap_Project\real\Potato___Early_blight\902d81fd-7e78-44b6-b71b-efa61e018c65___RS_Early.B 8100.JPG,Potato___Early_blight,0.1482
D:\Authenticity_Gap_Project\real\Potato___healthy\c07db642-c675-4066-99b6-56bc8207fb37___RS_HL 4164.JPG,Potato___healthy,0.1475
D:\Authenticity_Gap_Project\real\Potato___Late_blight\e12ede80-8428-4424-b95d-5d3267d112a8___RS_LB 3079.JPG,Potato___Late_blight,0.1469
D:\Authenticity_Gap_Project\real\Potato___Early_blight\887347a3-ee1c-4141-a423-ffe050dd246e___RS_Early.B 7851.JPG,Potato___Early_blight,0.146
D:\Authenticity_Gap_Project\real\Potato___Early_blight\7ba072ea-9bb3-4b5e-8fff-82758ff3f722___RS_Early.B 8262.JPG,Potato___Early_blight,0.1455
D:\Authenticity_Gap_Project\real\Potato___Early_blight\00d8f10f-5038-4e0f-bb58-0b885ddc0cc5___RS_Early.B 8722.JPG,Potato___Early_blight,0.1445
D:\Authenticity_Gap_Project\real\Potato___Early_blight\d472b6e3-a00c-4b4e-b13a-cdababff9d24___RS_Early.B 7699.JPG,Potato___Early_blight,0.144
D:\Authenticity_Gap_Project\real\Potato___Early_blight\b99ba68b-4608-4335-a292-b4249d83762d___RS_Early.B 9096.JPG,Potato___Early_blight,0.1437
D:\Authenticity_Gap_Project\real\Potato___Early_blight\f48fc3b4-b7e7-4ad5-a651-0bf61a5173ff___RS_Early.B 8597.JPG,Potato___Early_blight,0.1437
D:\Authenticity_Gap_Project\real\Potato___Early_blight\477c3ef0-ab1e-44fb-852d-6b3ce74c93a2___RS_Early.B 7257.JPG,Potato___Early_blight,0.1434
D:\Authenticity_Gap_Project\real\Potato___Early_blight\9846eead-9fc1-4c35-8b63-1adfbdf0b118___RS_Early.B 8325.JPG,Potato___Early_blight,0.1429
D:\Authenticity_Gap_Project\real\Potato___Early_blight\6269c9ec-ef8a-49b5-ab1a-451565529c38___RS_Early.B 7166.JPG,Potato___Early_blight,0.1418
D:\Authenticity_Gap_Project\real\Potato___healthy\5a3fc4bb-a78c-4276-8934-f0b037ffb860___RS_HL 5412.JPG,Potato___healthy,0.1414
D:\Authenticity_Gap_Project\real\Potato___Early_blight\b2e6d502-8a02-4493-ae91-34bad50b6040___RS_Early.B 7537.JPG,Potato___Early_blight,0.1411
D:\Authenticity_Gap_Project\real\Potato___Early_blight\1132bee0-fe6b-41a9-9583-7b959c2ca25f___RS_Early.B 7482.JPG,Potato___Early_blight,0.1408
D:\Authenticity_Gap_Project\real\Potato___Early_blight\cdc5ed26-b023-41cb-9cd8-07e62df1e369___RS_Early.B 6864.JPG,Potato___Early_blight,0.1405
D:\Authenticity_Gap_Project\real\Potato___healthy\1b434c52-7be4-40c4-90d5-13220f1a3eba___RS_HL 5418.JPG,Potato___healthy,0.14
D:\Authenticity_Gap_Project\real\Potato___Early_blight\cb615e16-034f-465a-89a6-91e091698723___RS_Early.B 6796.JPG,Potato___Early_blight,0.1391
D:\Authenticity_Gap_Project\real\Potato___Early_blight\09ab9573-90d5-4001-9b74-14551935deef___RS_Early.B 7603.JPG,Potato___Early_blight,0.1381
D:\Authenticity_Gap_Project\real\Potato___Early_blight\68f056c9-4989-4809-b597-3739ff66afc3___RS_Early.B 8748.JPG,Potato___Early_blight,0.1364
D:\Authenticity_Gap_Project\real\Potato___Early_blight\f9461507-6875-43f7-800d-502ffdb8ec05___RS_Early.B 7604.JPG,Potato___Early_blight,0.1364
D:\Authenticity_Gap_Project\real\Potato___Early_blight\8c1f94fb-d8e0-4607-a967-b71408dfd1ab___RS_Early.B 8723.JPG,Potato___Early_blight,0.132
D:\Authenticity_Gap_Project\real\Potato___Early_blight\336e5156-8947-46a7-a6fb-e993255d9091___RS_Early.B 8085.JPG,Potato___Early_blight,0.1316
D:\Authenticity_Gap_Project\real\Potato___Early_blight\2639ad26-c7e9-4bd6-8000-c002f676a4c6___RS_Early.B 7150.JPG,Potato___Early_blight,0.1314
D:\Authenticity_Gap_Project\real\Potato___Early_blight\b09e0cba-0564-4dde-a90d-3c0d90d6336e___RS_Early.B 7776.JPG,Potato___Early_blight,0.1308
D:\Authenticity_Gap_Project\real\Potato___Early_blight\ffef8a3b-3e8a-4c24-a27e-64c41708f7a0___RS_Early.B 7132.JPG,Potato___Early_blight,0.1305
D:\Authenticity_Gap_Project\real\Potato___Early_blight\f536e055-666e-41cc-8ee2-c1af2fbf754a___RS_Early.B 8104.JPG,Potato___Early_blight,0.1302
D:\Authenticity_Gap_Project\real\Potato___Early_blight\22b28f50-4141-4ca7-be3f-ccb1c521c2df___RS_Early.B 8285.JPG,Potato___Early_blight,0.1299
D:\Authenticity_Gap_Project\real\Potato___Early_blight\283134dd-8b32-447e-8e82-547d3b69f4d4___RS_Early.B 7494.JPG,Potato___Early_blight,0.1288
D:\Authenticity_Gap_Project\real\Potato___Early_blight\779e2b0a-0922-41bc-9393-da3750494671___RS_Early.B 8382.JPG,Potato___Early_blight,0.1281
D:\Authenticity_Gap_Project\real\Potato___Early_blight\b5127f55-debe-459a-98e5-4629750f9c38___RS_Early.B 7496.JPG,Potato___Early_blight,0.1269
D:\Authenticity_Gap_Project\real\Potato___Early_blight\996c0f04-a33a-4620-8971-469e009abae7___RS_Early.B 8869.JPG,Potato___Early_blight,0.1267
D:\Authenticity_Gap_Project\real\Potato___Early_blight\a4cc86e3-ac4d-4b72-89a2-6cf106831908___RS_Early.B 7346.JPG,Potato___Early_blight,0.1266
D:\Authenticity_Gap_Project\real\Potato___Early_blight\107827b3-faa5-457c-97fd-3e34d2657f6b___RS_Early.B 7162.JPG,Potato___Early_blight,0.126
