run,class,images_used,baseline_images,share_No crop (v1),level_No crop (v1),share_Gentle crop (v3),level_Gentle crop (v3),share_Aggressive crop (v2),level_Aggressive crop (v2)
0,Potato___Early_blight,600,2000,0.0,0,0.0,0,1.0,3
0,Potato___Late_blight,400,2000,0.0,0,0.5,1,0.5,1
0,Potato___healthy,60,304,1.0,2,0.0,0,0.0,0
0,Tomato_Bacterial_spot,425,4254,0.0,0,0.0,0,1.0,1
0,Tomato_Early_blight,2000,2000,0.0,0,0.0,0,1.0,10
0,Tomato_Late_blight,381,3818,0.0,0,0.0,0,1.0,1
0,Tomato_healthy,1272,3182,0.0,0,0.0,0,1.0,4
1,Potato___Early_blight,200,2000,0.0,0,0.0,0,1.0,1
1,Potato___Late_blight,200,2000,0.0,0,0.0,0,1.0,1
1,Potato___healthy,91,304,0.0,0,0.0,0,1.0,3
1,Tomato_Bacterial_spot,4253,4254,0.0,0,0.09992946155654832,1,0.9000705384434516,9
1,Tomato_Early_blight,1000,2000,0.0,0,0.4,2,0.6,3
1,Tomato_Late_blight,381,3818,1.0,1,0.0,0,0.0,0
1,Tomato_healthy,1272,3182,0.0,0,0.0,0,1.0,4
2,Potato___Early_blight,2200,2000,0.0,0,0.8181818181818182,9,0.18181818181818182,2
2,Potato___Late_blight,400,2000,0.0,0,0.5,1,0.5,1
2,Potato___healthy,60,304,0.0,0,0.0,0,1.0,2
2,Tomato_Bacterial_spot,425,4254,0.0,0,0.0,0,1.0,1
2,Tomato_Early_blight,3400,2000,0.17647058823529413,3,0.5294117647058824,9,0.29411764705882354,5
2,Tomato_Late_blight,381,3818,0.0,0,0.0,0,1.0,1
2,Tomato_healthy,1272,3182,0.0,0,0.0,0,1.0,4
3,Potato___Early_blight,200,2000,0.0,0,0.0,0,1.0,1
3,Potato___Late_blight,200,2000,0.0,0,0.0,0,1.0,1
3,Potato___healthy,454,304,0.13215859030837004,2,0.4008810572687225,6,0.4669603524229075,7
3,Tomato_Bacterial_spot,425,4254,0.0,0,0.0,0,1.0,1
3,Tomato_Early_blight,2800,2000,0.0,0,0.7142857142857143,10,0.2857142857142857,4
3,Tomato_Late_blight,763,3818,0.0,0,0.0,0,1.0,2
3,Tomato_healthy,318,3182,0.0,0,0.0,0,1.0,1
4,Potato___Early_blight,200,2000,0.0,0,0.0,0,1.0,1
4,Potato___Late_blight,200,2000,0.0,0,0.0,0,1.0,1
4,Potato___healthy,729,304,0.2496570644718793,6,0.3333333333333333,8,0.4170096021947874,10
4,Tomato_Bacterial_spot,9358,4254,0.22729215644368456,5,0.4545843128873691,10,0.31812353066894633,7
4,Tomato_Early_blight,1800,2000,0.1111111111111111,1,0.0,0,0.8888888888888888,8
4,Tomato_Late_blight,381,3818,1.0,1,0.0,0,0.0,0
4,Tomato_healthy,1591,3182,0.0,0,0.0,0,1.0,5
