run,generation,best_train_gap,mean_train_gap
0,0,48.52459016393443,55.46448087431693
0,1,48.52459016393443,53.90163934426231
0,2,45.08196721311475,52.338797814207645
0,3,45.08196721311475,50.887978142076506
0,4,45.08196721311475,49.55464480874317
0,5,45.08196721311475,48.46174863387977
0,6,44.75409836065574,48.15027322404372
0,7,44.75409836065574,47.94808743169399
0,8,44.75409836065574,47.56830601092896
0,9,43.77049180327869,47.5928961748634
0,10,43.77049180327869,47.08469945355191
0,11,43.278688524590166,46.47267759562841
0,12,43.278688524590166,46.01366120218578
0,13,42.78688524590164,45.53551912568306
0,14,42.295081967213115,45.3360655737705
0,15,42.295081967213115,45.778688524590166
0,16,42.295081967213115,45.357923497267755
0,17,42.295081967213115,44.866120218579226
0,18,42.295081967213115,44.58469945355191
0,19,41.967213114754095,44.49453551912568
0,20,41.967213114754095,44.45901639344263
0,21,41.967213114754095,44.59016393442622
0,22,41.967213114754095,44.26502732240438
0,23,41.967213114754095,44.37158469945355
0,24,41.967213114754095,44.3360655737705
0,25,41.967213114754095,44.2431693989071
0,26,41.967213114754095,44.10109289617487
0,27,41.63934426229508,44.14754098360656
0,28,41.63934426229508,43.81693989071038
0,29,41.63934426229508,43.956284153005456
0,30,41.63934426229508,43.852459016393446
0,31,41.63934426229508,43.78142076502732
0,32,41.63934426229508,43.70765027322404
0,33,41.63934426229508,43.939890710382514
0,34,41.63934426229508,43.592896174863384
0,35,41.63934426229508,43.53005464480875
0,36,41.63934426229508,43.84699453551912
0,37,41.63934426229508,43.95355191256831
0,38,41.63934426229508,43.650273224043715
0,39,41.63934426229508,43.63934426229509
0,40,41.63934426229508,43.5191256830601
0,41,41.63934426229508,43.78415300546449
0,42,41.63934426229508,43.64207650273224
0,43,41.63934426229508,44.08743169398907
0,44,41.63934426229508,44.28415300546448
0,45,41.63934426229508,43.84426229508197
0,46,41.47540983606557,43.87978142076502
0,47,41.47540983606557,43.74043715846994
0,48,41.47540983606557,43.3415300546448
0,49,41.47540983606557,43.25136612021858
0,50,41.47540983606557,43.076502732240435
0,51,41.47540983606557,43.07650273224044
0,52,41.47540983606557,43.41803278688524
0,53,41.47540983606557,43.57650273224044
0,54,41.47540983606557,43.516393442622956
0,55,41.47540983606557,43.535519125683074
0,56,41.47540983606557,43.095628415300546
0,57,41.47540983606557,43.12841530054645
0,58,41.47540983606557,43.23224043715846
0,59,41.47540983606557,43.379781420765035
0,60,41.47540983606557,43.75956284153005
1,0,50.324675324675326,56.03625541125542
1,1,49.83766233766234,54.38582251082252
1,2,48.53896103896104,53.55248917748918
1,3,48.05194805194805,52.31060606060605
1,4,48.05194805194805,51.13636363636363
1,5,48.05194805194805,50.61958874458875
1,6,47.564935064935064,50.503246753246756
1,7,47.24025974025974,50.07846320346321
1,8,46.59090909090909,49.561688311688314
1,9,46.103896103896105,49.150432900432904
1,10,45.94155844155844,48.47132034632035
1,11,45.45454545454545,48.152056277056275
1,12,45.12987012987013,47.91666666666666
1,13,44.15584415584416,47.49729437229437
1,14,44.15584415584416,47.07251082251083
1,15,44.15584415584416,46.76136363636364
1,16,43.993506493506494,46.674783549783555
1,17,43.66883116883117,46.539502164502174
1,18,43.66883116883117,46.59902597402598
1,19,43.18181818181818,46.030844155844164
1,20,43.18181818181818,46.24729437229438
1,21,43.18181818181818,46.16612554112554
1,22,43.18181818181818,45.944264069264065
1,23,43.18181818181818,46.13095238095237
1,24,43.01948051948052,46.063311688311686
1,25,43.01948051948052,45.790043290043286
1,26,43.01948051948052,45.87121212121212
1,27,42.532467532467535,45.45454545454545
1,28,42.532467532467535,45.57088744588745
1,29,42.532467532467535,44.98917748917749
1,30,42.532467532467535,45.19480519480519
1,31,42.532467532467535,45.219155844155836
1,32,42.532467532467535,45.37337662337663
1,33,42.37012987012987,44.88636363636363
1,34,42.37012987012987,44.84848484848485
1,35,42.37012987012987,44.53733766233767
1,36,42.37012987012987,44.51298701298702
1,37,42.37012987012987,44.83766233766234
1,38,42.37012987012987,44.82413419913419
1,39,42.37012987012987,44.8133116883117
1,40,42.37012987012987,44.42911255411256
1,41,42.37012987012987,44.418290043290035
1,42,42.37012987012987,44.456168831168846
1,43,42.37012987012987,44.74837662337663
1,44,42.37012987012987,44.837662337662344
1,45,42.37012987012987,44.851190476190474
1,46,42.37012987012987,44.42099567099567
1,47,42.37012987012987,44.410173160173166
1,48,42.37012987012987,44.72132034632035
1,49,42.37012987012987,44.6103896103896
1,50,42.37012987012987,44.89448051948053
1,51,42.37012987012987,44.718614718614724
1,52,42.37012987012987,44.46428571428571
1,53,42.37012987012987,44.87554112554112
1,54,42.37012987012987,44.89989177489177
1,55,42.37012987012987,44.740259740259745
1,56,42.37012987012987,44.65367965367966
1,57,42.37012987012987,44.59415584415584
1,58,42.37012987012987,44.420995670995666
1,59,42.37012987012987,44.95670995670996
1,60,42.37012987012987,44.82142857142857
2,0,50.410509031198686,55.109469074986315
2,1,47.947454844006565,53.62889983579638
2,2,47.947454844006565,52.468527640941424
2,3,47.61904761904762,51.46414887794197
2,4,46.63382594417077,50.76354679802955
2,5,46.30541871921182,50.3448275862069
2,6,43.51395730706076,49.285714285714285
2,7,43.51395730706076,49.01751505199781
2,8,43.51395730706076,48.341543513957305
2,9,43.51395730706076,47.41379310344828
2,10,43.51395730706076,47.18938149972633
2,11,43.51395730706076,47.01696770662288
2,12,43.34975369458128,45.98795840175151
2,13,43.34975369458128,45.736179529282985
2,14,43.34975369458128,45.50355774493707
2,15,43.34975369458128,45.60481663929941
2,16,42.857142857142854,45.34209085933226
2,17,42.857142857142854,45.19704433497538
2,18,42.857142857142854,44.88505747126438
2,19,42.857142857142854,45.30925013683635
2,20,42.857142857142854,45.00821018062398
2,21,42.857142857142854,44.737274220032845
2,22,42.857142857142854,44.80569239189928
2,23,42.857142857142854,44.6688560481664
2,24,42.857142857142854,44.436234263820474
2,25,42.857142857142854,44.40613026819924
2,26,42.52873563218391,44.60317460317461
2,27,42.52873563218391,44.808429118773944
2,28,42.52873563218391,44.277504105090316
2,29,42.364532019704434,44.43076081007118
2,30,42.364532019704434,44.37876299945266
2,31,42.364532019704434,44.11330049261085
2,32,42.364532019704434,44.12972085385878
2,33,42.364532019704434,44.34865900383142
2,34,42.364532019704434,44.41707717569786
2,35,42.364532019704434,44.512862616310876
2,36,42.364532019704434,44.33771209633279
2,37,42.364532019704434,44.40065681444991
2,38,42.364532019704434,44.463601532567054
2,39,42.364532019704434,44.480021893814985
2,40,42.364532019704434,44.52107279693486
2,41,42.364532019704434,44.39518336070061
2,42,42.364532019704434,44.72632731253421
2,43,42.364532019704434,44.30760810071156
2,44,42.20032840722496,43.88615216201422
2,45,42.20032840722496,43.888888888888886
2,46,42.20032840722496,44.30487137383689
2,47,42.20032840722496,44.14066776135741
2,48,42.20032840722496,44.009304871373836
2,49,42.20032840722496,44.105090311986864
2,50,42.20032840722496,44.01204159824849
2,51,42.20032840722496,44.25013683634373
2,52,42.20032840722496,43.74384236453202
2,53,42.20032840722496,43.8615216201423
2,54,42.20032840722496,44.07772304324029
2,55,42.20032840722496,43.883415435139575
2,56,42.20032840722496,44.12698412698413
2,57,42.20032840722496,43.98193760262725
2,58,42.20032840722496,43.951833607006016
2,59,42.20032840722496,44.28024083196497
2,60,42.20032840722496,44.23918992884511
3,0,49.413735343383586,54.77945281965382
3,1,49.413735343383586,53.40591848129536
3,2,48.91122278056952,52.16359575656058
3,3,46.733668341708544,50.97710776102737
3,4,46.733668341708544,50.195421552205474
3,5,45.22613065326633,49.60636515912898
3,6,45.22613065326633,48.60134003350083
3,7,44.38860971524288,48.16303740926857
3,8,44.38860971524288,47.18592964824121
3,9,43.88609715242881,46.700167504187604
3,10,43.71859296482412,45.9966499162479
3,11,43.71859296482412,45.47459519821329
3,12,43.21608040201005,45.678391959798994
3,13,43.21608040201005,45.44946957007257
3,14,43.04857621440536,45.240089335566715
3,15,43.04857621440536,44.804578447794526
3,16,43.04857621440536,44.874371859296474
3,17,42.71356783919598,44.631490787269676
3,18,42.71356783919598,44.829704075935226
3,19,42.21105527638191,44.6175321049693
3,20,42.21105527638191,44.22110552763819
3,21,42.21105527638191,44.25181462869905
3,22,42.21105527638191,44.27694025683976
3,23,42.04355108877722,44.38581797878281
3,24,42.04355108877722,43.81909547738693
3,25,41.70854271356784,43.88888888888889
3,26,41.70854271356784,43.757677275265216
3,27,41.70854271356784,43.93076493579006
3,28,41.70854271356784,43.662758235622555
3,29,41.70854271356784,43.796761585706314
3,30,41.70854271356784,43.53713009491903
3,31,41.70854271356784,43.305415968732554
3,32,41.70854271356784,43.38079285315466
3,33,41.70854271356784,43.21887213847013
3,34,41.70854271356784,43.12674483528755
3,35,41.37353433835846,43.41987716359576
3,36,41.37353433835846,43.525963149078734
3,37,41.37353433835846,43.573422668900065
3,38,41.37353433835846,43.36125069793412
3,39,41.20603015075377,43.36404243439419
3,40,41.20603015075377,43.146286990508095
3,41,41.20603015075377,43.30262423227247
3,42,41.20603015075377,43.29424902289224
3,43,41.03852596314908,42.99832495812395
3,44,41.03852596314908,43.048576214405344
3,45,40.7035175879397,43.08486878838638
3,46,40.7035175879397,42.87269681742044
3,47,40.53601340033501,42.82802903405919
3,48,40.53601340033501,42.47347850362926
3,49,40.53601340033501,42.52372975991066
3,50,40.53601340033501,42.185929648241206
3,51,40.53601340033501,42.24455611390284
3,52,40.53601340033501,42.10496929089894
3,53,40.53601340033501,42.33389168062534
3,54,40.53601340033501,42.06309324399776
3,55,40.53601340033501,42.35622557230597
3,56,40.53601340033501,42.28364042434395
3,57,40.53601340033501,42.34785036292574
3,58,40.53601340033501,42.55443886097153
3,59,40.53601340033501,42.64656616415411
3,60,40.53601340033501,42.52652149637074
4,0,46.25407166123779,53.43919652551575
4,1,46.25407166123779,51.851248642779595
4,2,46.25407166123779,50.97719869706841
4,3,46.25407166123779,49.983713355048856
4,4,45.43973941368078,49.136807817589585
4,5,45.43973941368078,48.20846905537459
4,6,44.299674267100976,47.301845819761134
4,7,43.48534201954397,46.73452768729642
4,8,42.01954397394137,46.15092290988057
4,9,42.01954397394137,45.732899022801305
4,10,41.85667752442997,45.257871878393054
4,11,41.85667752442997,44.95385450597177
4,12,41.85667752442997,44.568403908794785
4,13,41.85667752442997,44.31596091205213
4,14,41.693811074918564,44.44353963083604
4,15,41.20521172638436,44.003800217155266
4,16,40.39087947882736,43.93593919652551
4,17,40.22801302931596,43.436482084690546
4,18,40.06514657980456,42.752442996742666
4,19,40.06514657980456,42.55428881650379
4,20,39.90228013029316,42.03583061889251
4,21,39.90228013029316,41.807817589576544
4,22,39.90228013029316,41.617806731813246
4,23,39.90228013029316,41.85124864277959
4,24,39.90228013029316,41.75895765472312
4,25,39.90228013029316,41.88382193268186
4,26,39.90228013029316,41.957111834961985
4,27,39.90228013029316,42.1226927252986
4,28,39.90228013029316,42.250271444082514
4,29,39.90228013029316,42.103691639522246
4,30,39.90228013029316,41.89739413680782
4,31,39.90228013029316,41.9842562432139
4,32,39.90228013029316,41.8729641693811
4,33,39.90228013029316,42.03040173724212
4,34,39.90228013029316,41.821389793702494
4,35,39.90228013029316,41.7643865363735
4,36,39.90228013029316,41.59609120521172
4,37,39.90228013029316,41.57980456026059
4,38,39.90228013029316,41.47937024972855
4,39,39.90228013029316,41.51465798045602
4,40,39.90228013029316,41.29207383279045
4,41,39.90228013029316,42.01954397394137
4,42,39.90228013029316,41.78338762214984
4,43,39.90228013029316,42.10369163952226
4,44,39.90228013029316,42.20141150922911
4,45,39.90228013029316,42.315418023887084
4,46,39.90228013029316,42.13897937024972
4,47,39.90228013029316,42.05211726384366
4,48,39.90228013029316,42.05483170466884
4,49,39.90228013029316,41.8213897937025
4,50,39.90228013029316,42.03583061889251
4,51,39.90228013029316,42.16883821932682
4,52,39.90228013029316,41.97882736156352
4,53,39.90228013029316,41.750814332247565
4,54,39.90228013029316,42.03040173724212
4,55,39.90228013029316,41.5499457111835
4,56,39.90228013029316,41.68023887079263
4,57,39.73941368078176,41.674809989142226
4,58,39.73941368078176,41.68838219326819
4,59,39.73941368078176,41.62323561346363
4,60,39.73941368078176,41.63680781758957
