path,class,brightness,contrast,sharpness,edge_density,green_fraction,saturation,tags
data/d4d20c99-4cf3-4ecc-95ae-a964560cfeed___RS_Erly.B 9604.JPG,Tomato_Early_blight,98.36183166503906,43.03750339047832,2045.033790796064,0.1270599365234375,0.248046875,61.87605285644531,no_visible_trait
data/ad567130-1714-4f31-9735-9ffe4b373964___RS_Erly.B 7623.JPG,Tomato_Early_blight,100.7276611328125,53.80581014463694,294.6946704238653,0.0621185302734375,0.201171875,39.893829345703125,"blurry, partial_or_small_leaf"
data/a67b9ba1-99ff-4826-8f7b-1b89ca61980e___RS_Erly.B 7597.JPG,Tomato_Early_blight,101.50404357910156,55.84130456844044,678.106066133827,0.048309326171875,0.0370330810546875,50.58741760253906,partial_or_small_leaf
data/8485290f-ef3b-4011-8ff1-02060013a722___RS_Erly.B 7703.JPG,Tomato_Early_blight,119.61135864257812,57.23301282235128,5531.40441885218,0.1426849365234375,0.163482666015625,57.79563903808594,partial_or_small_leaf
data/376c3deb-3feb-425b-a6dd-ce0f95b7c763___RS_Late.B 5413.JPG,Tomato_Late_blight,89.47633361816406,54.3315282984578,3041.566538469633,0.1300048828125,0.17193603515625,86.89752197265625,"dark, partial_or_small_leaf"
data/a3af61fe-3cde-4083-963f-909bfced23db___RS_Erly.B 7590.JPG,Tomato_Early_blight,102.70602416992188,46.56994819401629,824.4792860259768,0.0477447509765625,0.2469482421875,54.44181823730469,no_visible_trait
data/ada20abd-9779-4e32-b331-1ba7b490b36e___GHLB2 Leaf 92.JPG,Tomato_Late_blight,127.49676513671876,23.4824248199442,651.7692865075078,0.015899658203125,0.13812255859375,22.519012451171875,"partial_or_small_leaf, washed_out_colour"
data/13533985-e30d-4023-8bd3-7a45b07816ca___RS_Late.B 5593.JPG,Tomato_Late_blight,129.08123779296875,32.46806562126267,2604.185406721896,0.0843963623046875,0.069549560546875,40.85969543457031,partial_or_small_leaf
data/3198b703-d5d5-46e9-9b8f-399d5531b5c4___RS_Erly.B 8364.JPG,Tomato_Early_blight,120.04393005371094,64.35206453503173,5665.2793820870575,0.182220458984375,0.2079620361328125,76.35191345214844,no_visible_trait
data/7616d956-c144-4105-9972-5f747c5159a6___RS_Late.B 5600.JPG,Tomato_Late_blight,139.03973388671875,44.57096374225667,5539.372839264339,0.1651763916015625,0.0493927001953125,44.59584045410156,"overexposed, partial_or_small_leaf"
data/cfa1ba1d-b853-441d-99b4-0d9d413c8eb0___RS_Late.B 5288.JPG,Tomato_Late_blight,100.5051727294922,57.717458861867655,2556.7215259333607,0.1270751953125,0.183746337890625,76.87104797363281,partial_or_small_leaf
data/a1e875bd-5c06-4031-b0c0-9413d754df0e___RS_Erly.B 8221.JPG,Tomato_Early_blight,118.43197631835938,69.90676935627529,6572.988400723785,0.1871185302734375,0.080413818359375,82.67315673828125,partial_or_small_leaf
data/8acd2e1a-f965-4abb-bd16-8c0a4e918d2c___RS_LB 4644.JPG,Potato___Late_blight,110.70765686035156,46.659124327647646,4363.210292574018,0.154632568359375,0.142913818359375,98.68849182128906,partial_or_small_leaf
data/40076fd7-8c21-41a4-9bc9-3c1c53e1a865___RS_Late.B 5594.JPG,Tomato_Late_blight,128.4533233642578,39.35979198807344,2452.84446253418,0.0831298828125,0.0695648193359375,42.87913513183594,partial_or_small_leaf
data/393ffff3-e175-4e03-b049-76a25b1257c7___RS_Late.B 5599.JPG,Tomato_Late_blight,144.6693572998047,37.876857256953045,2141.500516741537,0.0762481689453125,0.0662841796875,34.3524169921875,"overexposed, partial_or_small_leaf, washed_out_colour"
data/d6ac1972-b67c-422e-b81d-11f2f1d9ec5f___RS_Erly.B 9435.JPG,Tomato_Early_blight,139.99525451660156,66.56043812875274,5195.761489983648,0.1534423828125,0.115447998046875,44.572784423828125,"overexposed, partial_or_small_leaf"
data/146c4ea6-cf74-4607-9b8e-19c69c85ec86___RS_LB 4641.JPG,Potato___Late_blight,114.88809204101562,45.7279051522867,4815.746419726871,0.1787872314453125,0.259033203125,60.68341064453125,no_visible_trait
data/6873f362-d13b-41f7-a44d-da51875e46f1___RS_Erly.B 9436.JPG,Tomato_Early_blight,77.76585388183594,49.8205538495275,3171.894472107291,0.1185150146484375,0.064483642578125,58.495513916015625,"dark, partial_or_small_leaf"
data/94f53287-b156-4ece-94a2-3c12783e4fbb___RS_Late.B 5409.JPG,Tomato_Late_blight,103.746826171875,53.21653524719434,2541.82283949852,0.1207733154296875,0.150726318359375,79.673583984375,partial_or_small_leaf
data/960137a5-2b52-4349-8c33-cb8b7afed9eb___GHLB2 Leaf 8765.JPG,Tomato_Late_blight,123.64898681640624,22.107124751848023,884.8830249567982,0.0297088623046875,0.066253662109375,33.48237609863281,"low_contrast, partial_or_small_leaf, washed_out_colour"
data/8b0ef54c-6d28-47bb-a657-287afbb8a620___RS_LB 3298.JPG,Potato___Late_blight,112.86441040039062,56.5674615225658,6318.42227564659,0.19036865234375,0.029388427734375,72.35272216796875,partial_or_small_leaf
data/4e3f49fc-2ff8-4d00-979d-3c15f4d90db8___RS_Erly.B 7708.JPG,Tomato_Early_blight,120.48934936523438,68.77203399639623,718.5507646815386,0.068023681640625,0.138458251953125,48.76165771484375,partial_or_small_leaf
data/f525cb66-09b6-4f96-93dd-d6bc936f5645___RS_Erly.B 7700.JPG,Tomato_Early_blight,124.41731262207033,68.82178735155296,4757.703415623866,0.12939453125,0.233245849609375,55.657257080078125,no_visible_trait
data/3c2f237b-3e91-455f-8064-428b308bc575___RS_Late.B 5291.JPG,Tomato_Late_blight,86.23982238769531,43.825891854791365,2696.6882247549947,0.1500091552734375,0.0649871826171875,99.61116027832033,"dark, partial_or_small_leaf"
data/b982e973-aede-4317-92fb-b8a2385d3172___RS_Late.B 5465.JPG,Tomato_Late_blight,113.06388854980467,53.24404136002385,2392.408398722997,0.099609375,0.057220458984375,58.1502685546875,partial_or_small_leaf
data/b24f8f98-4bfe-4605-85f5-738fc09e58fe___RS_Erly.B 6406.JPG,Tomato_Early_blight,107.94876098632812,28.724913674006107,2697.691833436489,0.0998382568359375,0.219024658203125,44.299102783203125,no_visible_trait
data/ffabbe39-4939-414b-af91-825f80fa4d4a___UF.GRC_BS_Lab Leaf 0870.JPG,Tomato_Bacterial_spot,117.15908813476562,43.8594684721188,841.9473224868998,0.0972137451171875,0.318878173828125,54.8603515625,no_visible_trait
data/22247648-1650-43d5-8a9b-e03f63cf2f1c___RS_Erly.B 7535.JPG,Tomato_Early_blight,94.066162109375,42.54278585079234,1158.481363111874,0.069793701171875,0.2239990234375,71.43357849121094,dark
data/ceec7525-b67e-43fc-8967-77d57133afba___RS_Late.B 5586.JPG,Tomato_Late_blight,130.38368225097656,34.83452251997914,1415.8533647060394,0.068511962890625,0.07733154296875,48.46369934082031,partial_or_small_leaf
data/51708fa7-4619-4957-bfc6-8e422ee23a99___RS_Erly.B 7630.JPG,Tomato_Early_blight,106.02548217773438,45.37732422728073,429.649229116505,0.0496368408203125,0.292449951171875,53.62388610839844,blurry
data/ba19f779-d0cf-4bc7-88df-96e6080fdc96___RS_Erly.B 7599.JPG,Tomato_Early_blight,111.98989868164062,38.197632951533606,1308.1096050569322,0.08966064453125,0.06103515625,33.46966552734375,"partial_or_small_leaf, washed_out_colour"
data/04ba0ca5-c52c-4bab-897b-2d38f7835a03___RS_Late.B 5631.JPG,Tomato_Late_blight,120.18342590332033,30.773499985362797,2570.0094958832487,0.0899505615234375,0.082000732421875,53.84208679199219,partial_or_small_leaf
data/07eb29e8-112d-4bcb-8b65-aba4b4307f2a___RS_Late.B 6907.JPG,Tomato_Late_blight,132.2775115966797,59.01464608901718,4985.1644393408205,0.178131103515625,0.095703125,55.39225769042969,partial_or_small_leaf
data/5670dbc5-e0bf-4f73-b8a0-b1f703030195___RS_Late.B 5094.JPG,Tomato_Late_blight,120.6175537109375,54.410479507592456,4269.085818992695,0.1260833740234375,0.089630126953125,54.21826171875,partial_or_small_leaf
data/c1af9374-2c73-4af4-a139-7b636467743f___RS_Late.B 5592.JPG,Tomato_Late_blight,127.60629272460938,41.095632450957545,3505.8991487768944,0.10125732421875,0.230194091796875,44.53153991699219,no_visible_trait
data/0fc8cb27-a10f-4587-a91d-4dbec9f839c7___RS_Erly.B 7715.JPG,Tomato_Early_blight,122.91404724121094,61.16927736693464,8808.101484825602,0.195220947265625,0.33673095703125,68.84046936035156,no_visible_trait
data/c43cc003-56f4-4d9d-b224-6948f499cf95___RS_Erly.B 7675.JPG,Tomato_Early_blight,103.22161865234376,42.139232951923184,427.4344872103538,0.0455322265625,0.4157562255859375,59.9888916015625,blurry
data/0dd9d965-d68a-4e47-ba02-ebcadf13c7ae___GHLB2 Leaf 78.1.JPG,Tomato_Late_blight,121.24430847167967,35.27925819245529,341.0017601212021,0.0335235595703125,0.3990631103515625,53.039154052734375,blurry
data/b3971b7c-ae24-4f4f-b426-3368096afeab___RS_Late.B 7079.JPG,Tomato_Late_blight,172.223876953125,48.47841695393796,5032.271113302559,0.17852783203125,0.2998046875,61.11447143554688,overexposed
data/a7dad20a-b0c0-408b-a961-17928319e17f___RS_LB 4645.JPG,Potato___Late_blight,109.69667053222656,52.423927504049146,3618.580348602496,0.1337890625,0.122467041015625,100.85789489746094,partial_or_small_leaf
data/a4dd9b8a-c4bc-40c2-87f2-686a36789b2c___RS_Late.B 5500.JPG,Tomato_Late_blight,96.30378723144533,51.073737136234456,3613.540023449576,0.119659423828125,0.1037750244140625,75.22026062011719,"dark, partial_or_small_leaf"
data/df7a9adb-6294-4866-9f39-6fc3d7a8ffdf___RS_Late.B 4978.JPG,Tomato_Late_blight,97.82757568359376,53.115373037030665,6852.140061721206,0.2189483642578125,0.3634033203125,84.05007934570312,no_visible_trait
data/93935af4-3aae-4dd6-90d9-fb28e439faf0___RS_LB 3299.JPG,Potato___Late_blight,126.2076416015625,61.553511302099125,5064.01042173407,0.1574859619140625,0.0377349853515625,69.33935546875,partial_or_small_leaf
data/1b36d656-ee17-43a1-8f47-0d163c69f754___RS_Late.B 5605.JPG,Tomato_Late_blight,110.26519775390624,40.43302425523919,1259.3189984036144,0.0512847900390625,0.1786956787109375,38.33392333984375,"partial_or_small_leaf, washed_out_colour"
data/e81dfd96-227c-41a7-8cf8-dbc14f2e4b33___RS_Erly.B 7407.JPG,Tomato_Early_blight,90.19784545898438,48.493818496481296,1171.533989473246,0.04608154296875,0.4937591552734375,74.358154296875,dark
data/68d40fcc-8554-4973-9abc-27fc1928cc9c___RS_Erly.B 7595.JPG,Tomato_Early_blight,93.31170654296876,43.94876313861271,365.82332891225815,0.0270233154296875,0.3361968994140625,62.2412109375,"dark, blurry"
data/b2b63d7c-d8f7-44ff-b53e-6214ddbed5d9___RS_Erly.B 9509.JPG,Tomato_Early_blight,168.3725128173828,48.40544252369513,4168.114776251605,0.14300537109375,0.2449798583984375,48.50274658203125,overexposed
data/36650fc3-00a3-42b2-b016-8692046c5199___RS_Late.B 5107.JPG,Tomato_Late_blight,165.729736328125,77.18834540294122,4648.547307973495,0.1497344970703125,0.28875732421875,63.50537109375,overexposed
data/862c7fa2-1ab0-4bce-9f9b-76cbb4a096e1___RS_Erly.B 7521.JPG,Tomato_Early_blight,123.2718505859375,50.46244529208411,1097.7403954134788,0.08709716796875,0.2266693115234375,45.810791015625,no_visible_trait
data/ccb77acf-506d-4ebe-a35c-12bbd9e0825f___UF.GRC_BS_Lab Leaf 0653.JPG,Tomato_Bacterial_spot,118.51383972167967,35.1930114760462,379.04315221100114,0.0182647705078125,0.27008056640625,43.23793029785156,blurry
data/13affc42-3a89-4a99-97aa-98f41682a71e___UF.GRC_BS_Lab Leaf 0546.JPG,Tomato_Bacterial_spot,109.0335693359375,29.164087652414768,621.5883742114529,0.06646728515625,0.062408447265625,40.593994140625,partial_or_small_leaf
data/26e2e7aa-800c-421b-92e8-3e20c5f5757e___RS_Erly.B 7656.JPG,Tomato_Early_blight,105.94540405273438,59.405359047725504,1126.2951387427747,0.0915374755859375,0.2285919189453125,74.85343933105469,no_visible_trait
data/14484ea5-9c34-427c-abe4-2743265aced0___RS_HL 4204.JPG,Potato___healthy,116.92829895019533,34.064347820428566,3297.648554568877,0.1014862060546875,0.3258056640625,65.97908020019531,no_visible_trait
data/f67df1b4-1b28-48c4-96cb-1c31d3ce7e66___UF.GRC_BS_Lab Leaf 0368.JPG,Tomato_Bacterial_spot,140.18568420410156,52.66885707308576,348.1581084690988,0.0408172607421875,0.1696014404296875,34.650543212890625,"overexposed, blurry, partial_or_small_leaf, washed_out_colour"
data/b7db70a8-ca63-409e-9e60-47dce0ac5164___UF.GRC_BS_Lab Leaf 0646.JPG,Tomato_Bacterial_spot,111.17410278320312,33.9561294904017,343.73976604430936,0.0243377685546875,0.2834320068359375,48.71272277832031,blurry
data/88a4e8ec-ef71-4847-b778-90eae647f331___UF.GRC_BS_Lab Leaf 0640.JPG,Tomato_Bacterial_spot,111.6797332763672,28.39678170726792,176.5662841461599,0.0084381103515625,0.258880615234375,43.03379821777344,blurry
data/2565077d-44d3-4213-82c2-bf5ae9a64368___RS_LB 3295.JPG,Potato___Late_blight,111.35414123535156,57.04066137779336,5239.600884254789,0.1722564697265625,0.0348968505859375,75.79563903808594,partial_or_small_leaf
data/28d82205-33bc-4119-b028-e97858fe3bc7___UF.GRC_BS_Lab Leaf 1119.JPG,Tomato_Bacterial_spot,121.14279174804688,36.44826148531431,278.3997313827276,0.0486602783203125,0.1577301025390625,56.8291015625,"blurry, partial_or_small_leaf"
data/1e982ff7-1d2f-43e9-9c10-8735b84de1aa___GCREC_Bact.Sp 3329.JPG,Tomato_Bacterial_spot,106.01564025878906,24.69251301726681,1792.83829700551,0.081695556640625,0.27264404296875,64.01608276367188,no_visible_trait
data/414359b9-153b-4985-bfe0-eaf22f7ff6ab___RS_HL 0062.JPG,Tomato_healthy,120.29347229003906,51.6842963517104,15641.17470908165,0.2769317626953125,0.297454833984375,52.084014892578125,no_visible_trait
data/5d85a25d-ed5a-459d-89fc-8bc9118518bc___RS_LB 4646.JPG,Potato___Late_blight,104.60281372070312,46.76465580814703,4175.790389543166,0.1566619873046875,0.10809326171875,108.14801025390624,partial_or_small_leaf
data/784b04db-e95c-4afb-b451-1b6837d0d90e___RS_HL 0059.JPG,Tomato_healthy,114.54330444335938,49.983455988235946,17863.376763901673,0.319427490234375,0.2871246337890625,54.09135437011719,cluttered_background
data/aa58c1c8-82a1-4e68-9ecb-3cd47341d09b___RS_LB 4331.JPG,Potato___Late_blight,108.0543975830078,33.204383035132324,888.3125074615236,0.0561676025390625,0.2073974609375,68.20082092285156,no_visible_trait
data/d835fbab-7301-4544-aba9-37cb5d25de9f___RS_HL 0506.JPG,Tomato_healthy,112.58503723144533,47.96337957383609,17345.57223664876,0.317352294921875,0.285064697265625,58.18235778808594,cluttered_background
data/33e336e9-fcd0-4e9c-a0c1-8a313c3ef1f3___UF.GRC_BS_Lab Leaf 0367.JPG,Tomato_Bacterial_spot,120.98078918457033,37.96281195802018,212.19426962337457,0.04730224609375,0.2600860595703125,41.24896240234375,blurry
data/3c7e6602-8832-4502-9a10-fc06389b9604___UF.GRC_BS_Lab Leaf 0641.JPG,Tomato_Bacterial_spot,118.89572143554688,30.854956012791657,414.2711910491344,0.0277099609375,0.287750244140625,48.66986083984375,blurry
data/f1cc12b3-3116-4b31-81fc-6383303f84ae___UF.GRC_BS_Lab Leaf 0352.JPG,Tomato_Bacterial_spot,130.88784790039062,57.31904612017943,268.8208151978906,0.035491943359375,0.2664337158203125,51.5426025390625,blurry
data/ef201af2-bb22-4c9f-bbdd-d6258f215cf6___UF.GRC_BS_Lab Leaf 1112.JPG,Tomato_Bacterial_spot,114.96237182617188,32.8870087848659,1476.8646545326335,0.104248046875,0.159454345703125,55.63310241699219,partial_or_small_leaf
data/dd55ba8d-a425-4b06-9996-bbf315d71e6e___RS_LB 2737.JPG,Potato___Late_blight,111.5131378173828,48.49754637001161,5970.841543175047,0.204132080078125,0.0873870849609375,67.58798217773438,partial_or_small_leaf
data/bd632f59-ff1c-452f-b504-053fa95ab000___RS_LB 4356.JPG,Potato___Late_blight,116.72463989257812,44.613672839754486,3368.195110257715,0.1423187255859375,0.2530975341796875,78.89396667480469,no_visible_trait
data/66348a1f-6ca3-43c3-9883-ccf79c8dec89___GCREC_Bact.Sp 3640.JPG,Tomato_Bacterial_spot,97.53189086914062,34.6950247301988,1866.7891180978625,0.0789031982421875,0.3403167724609375,54.95042419433594,no_visible_trait
data/095f2dd4-7e65-44ab-a867-c5d9634ec532___GCREC_Bact.Sp 3801.JPG,Tomato_Bacterial_spot,93.87239074707033,34.538128955443206,539.6082804591861,0.053314208984375,0.505157470703125,97.3406219482422,dark
data/4913ff90-0ca7-43b5-a157-a8ab19e43f12___UF.GRC_BS_Lab Leaf 0537.JPG,Tomato_Bacterial_spot,119.36146545410156,25.566043746492365,800.3115131871309,0.0890350341796875,0.140289306640625,54.66339111328125,partial_or_small_leaf
data/c0b98fdd-b9b8-453f-8de3-4aeec4299f8c___GCREC_Bact.Sp 6086.JPG,Tomato_Bacterial_spot,98.71247863769533,43.74899190296605,1223.6484347498044,0.0899200439453125,0.4037628173828125,62.43980407714844,no_visible_trait
data/fea5289e-4a3a-4891-bbcc-fb38b75a23f9___UF.GRC_BS_Lab Leaf 1164.JPG,Tomato_Bacterial_spot,119.3329620361328,24.4144960697156,899.8864373629913,0.060516357421875,0.4419097900390625,73.0804443359375,no_visible_trait
data/1737e7ba-181e-400c-ab66-7723468e277f___UF.GRC_BS_Lab Leaf 0348.JPG,Tomato_Bacterial_spot,121.54681396484376,26.45956975088436,165.11213978286833,0.022186279296875,0.261260986328125,45.648345947265625,blurry
data/ef79c0ac-b8c5-437b-8d10-971f819b4ab8___GCREC_Bact.Sp 6084.JPG,Tomato_Bacterial_spot,100.20062255859376,42.33741163761629,1232.8955349773169,0.0736083984375,0.3556976318359375,55.88990783691406,no_visible_trait
data/df2c5959-402f-488c-8e9f-93d3a0cee4dd___UF.GRC_BS_Lab Leaf 1168.JPG,Tomato_Bacterial_spot,123.39173889160156,21.79099659176,514.647933720611,0.0447998046875,0.4190521240234375,62.556182861328125,low_contrast
data/e12ede80-8428-4424-b95d-5d3267d112a8___RS_LB 3079.JPG,Potato___Late_blight,108.88815307617188,47.57575074927801,6604.0200876833405,0.1894989013671875,0.23638916015625,76.09306335449219,no_visible_trait
data/8f0e2872-e5c6-43b2-97f9-269da00cd400___RS_Early.B 8089.JPG,Potato___Early_blight,136.6186981201172,55.586057823257256,7050.69863906852,0.2214202880859375,0.323333740234375,83.70181274414062,overexposed
data/96879d98-11ca-40c7-9708-9ca8f235f407___RS_LB 2739.JPG,Potato___Late_blight,108.69577026367188,53.99024200824933,8039.455536711728,0.215240478515625,0.1243438720703125,73.46537780761719,partial_or_small_leaf
data/13cc9108-fcd9-4e6f-aed4-01813cebc881___UF.GRC_BS_Lab Leaf 8611.JPG,Tomato_Bacterial_spot,121.5786590576172,29.11094451130958,463.9362914925441,0.0545806884765625,0.29132080078125,62.80270385742188,blurry
data/55339b80-574d-4379-bc85-35558fcc0bea___UF.GRC_BS_Lab Leaf 0554.JPG,Tomato_Bacterial_spot,118.7959442138672,28.70415368462889,1213.6039231137838,0.0843963623046875,0.114959716796875,48.86015319824219,partial_or_small_leaf
data/6fea732f-0819-4ba1-922a-8cbb1a94baff___RS_LB 3336.JPG,Potato___Late_blight,108.91958618164062,51.27383184629174,6243.173671057215,0.1894378662109375,0.201385498046875,76.55430603027344,partial_or_small_leaf
data/d7aed304-347b-4c78-ac63-b29db901e1d4___RS_HL 0061.JPG,Tomato_healthy,114.41868591308594,50.62088330177271,19066.012435696088,0.3195953369140625,0.25177001953125,54.1827392578125,cluttered_background
data/2269e6d9-bb15-49f1-8349-2f0126165960___RS_LB 3197.JPG,Potato___Late_blight,128.4907989501953,51.10465415046588,6997.3946791430935,0.20623779296875,0.331146240234375,62.70236206054688,no_visible_trait
data/c09f9b09-e43d-46bd-96d7-bb1162b4bb52___RS_HL 9644.JPG,Tomato_healthy,120.84042358398438,44.88560681810987,13020.95382785704,0.2790374755859375,0.1624603271484375,49.67791748046875,partial_or_small_leaf
data/6657a918-63fb-49d1-a74d-8ef6bbb66231___RS_HL 9816.JPG,Tomato_healthy,122.47335815429688,42.94454102883044,15889.053358230509,0.3227081298828125,0.2397308349609375,44.600677490234375,cluttered_background
data/185440e0-ca0a-4cd6-aba7-d03fae21552f___RS_HL 0141.JPG,Tomato_healthy,122.62599182128906,45.1894074452235,15778.25515133678,0.319488525390625,0.2871856689453125,47.55197143554688,cluttered_background
data/324a0ba8-726a-4e6c-a15f-c32a1904f891___RS_LB 3078.JPG,Potato___Late_blight,129.11221313476562,56.594485353877005,5429.900422196602,0.1726837158203125,0.237396240234375,71.16639709472656,no_visible_trait
data/b0945b27-3331-4f03-b1c9-1465e12577aa___RS_LB 4355.JPG,Potato___Late_blight,131.41297912597656,43.36032616495356,2279.382163748145,0.1157073974609375,0.3075408935546875,74.62713623046875,no_visible_trait
data/5f6e341d-3a02-4bc5-ae02-c0a343a835ea___RS_LB 4882.JPG,Potato___Late_blight,130.86624145507812,39.39414323227726,4815.8996600955725,0.162445068359375,0.4874725341796875,59.56370544433594,no_visible_trait
data/6883c31a-78b4-406a-9605-b6b31e0932cc___RS_HL 0037.JPG,Tomato_healthy,121.01490783691406,52.66029322429104,12751.254557208857,0.28680419921875,0.322540283203125,62.536956787109375,no_visible_trait
data/b57c6336-3be6-4021-b240-8547da86d218___RS_LB 5007.JPG,Potato___Late_blight,121.3946533203125,36.955580712231416,4994.682021126151,0.1849365234375,0.4456024169921875,62.68296813964844,no_visible_trait
data/5bded339-547a-4f93-b7cf-bbf8c948aa26___RS_HL 9748.JPG,Tomato_healthy,136.5196075439453,43.539161821586,7667.000232680701,0.2147216796875,0.2992401123046875,45.80601501464844,overexposed
data/e62eacd4-0cba-4793-8c9d-7c97031642a7___RS_HL 9700.JPG,Tomato_healthy,121.83419799804688,46.79250951235386,13763.054344444536,0.28125,0.2354278564453125,45.12857055664063,no_visible_trait
data/b3e1ec14-6de4-4afc-9ceb-254469c8ce15___RS_LB 3910.JPG,Potato___Late_blight,118.04867553710938,40.22088265978659,3968.12177967187,0.1416473388671875,0.38458251953125,59.80198669433594,no_visible_trait
data/07d777f8-2c5a-48da-935e-f17c572b1e6e___RS_Early.B 7880.JPG,Potato___Early_blight,127.23948669433594,58.20465107273827,8229.737338466337,0.2290802001953125,0.40191650390625,79.64404296875,no_visible_trait
data/09ab9573-90d5-4001-9b74-14551935deef___RS_Early.B 7603.JPG,Potato___Early_blight,122.5121612548828,45.33191063027224,2129.7076720437035,0.14544677734375,0.458770751953125,100.2318115234375,no_visible_trait
data/0f1fb568-1b12-45ef-ad99-c59fa9075693___RS_LB 3242.JPG,Potato___Late_blight,117.75418090820312,44.517726128738055,5564.737773466623,0.188751220703125,0.4136199951171875,56.99617004394531,no_visible_trait
data/59b3cd39-7a2f-4dc0-a08b-4c88f893f338___RS_HL 9792.JPG,Tomato_healthy,126.55322265625,48.12235216807992,13373.273959007114,0.2857513427734375,0.170562744140625,42.81697082519531,partial_or_small_leaf
data/12a3a4c8-0f82-419c-9a7f-0fc6d261299a___RS_HL 9988.JPG,Tomato_healthy,121.20352172851562,47.99415098589821,12827.907943725586,0.2938995361328125,0.379608154296875,51.67411804199219,no_visible_trait
data/5755142f-0cba-45b7-a563-beb1bf6db374___RS_Early.B 8321.JPG,Potato___Early_blight,136.53628540039062,52.58012564006287,7538.08999598003,0.2334442138671875,0.2538909912109375,76.0657958984375,overexposed
data/0114b195-844c-4978-93a9-b0d5aae010f1___RS_LB 2738.JPG,Potato___Late_blight,122.60015869140624,49.57348519667676,5159.944870233303,0.177886962890625,0.101531982421875,63.00868225097656,partial_or_small_leaf
data/94c50d24-cfd7-486c-a4ac-a10f552d0f8b___RS_LB 4329.JPG,Potato___Late_blight,117.20513916015624,38.67915298251116,4021.588590526721,0.1338043212890625,0.2407684326171875,84.78132629394531,no_visible_trait
data/902d81fd-7e78-44b6-b71b-efa61e018c65___RS_Early.B 8100.JPG,Potato___Early_blight,138.65225219726562,52.5905255661799,5598.833517990075,0.1737060546875,0.439453125,70.30857849121094,overexposed
data/b5142952-d782-4b4a-bf1b-db96da849191___RS_HL 0081.JPG,Tomato_healthy,102.2995147705078,49.91372406080384,15112.606405667728,0.302520751953125,0.2886810302734375,68.83041381835938,cluttered_background
data/851e1102-43d8-4bc7-8c41-28e5412b1863___RS_HL 9660.JPG,Tomato_healthy,122.93220520019533,40.67208505375649,8286.096673924243,0.2210235595703125,0.208984375,50.20787048339844,no_visible_trait
data/c11a3cf1-de74-421e-89d0-11ea1508673d___RS_HL 0185.JPG,Tomato_healthy,123.02333068847656,46.04357957636811,14204.969104157528,0.296966552734375,0.2665557861328125,44.18403625488281,no_visible_trait
data/b2793705-a666-4ba0-ac9f-3b60fc0bbdf4___RS_HL 0342.JPG,Tomato_healthy,113.8933563232422,50.09626805266954,13684.268455030164,0.2983551025390625,0.2954254150390625,52.17544555664063,cluttered_background
data/dea347a1-4303-48e1-8db0-997d084e6bd0___RS_HL 9724.JPG,Tomato_healthy,137.3879852294922,43.274102823191214,15001.907849805197,0.304840087890625,0.2479248046875,42.287628173828125,"overexposed, cluttered_background"
data/1bfeed83-f119-46cd-b806-0e17e1dae136___RS_HL 0017.JPG,Tomato_healthy,127.97438049316406,42.45697500212773,12914.811433538796,0.3083953857421875,0.405426025390625,55.133148193359375,cluttered_background
data/3a211a87-cac9-4393-84ca-51e240e1b043___RS_HL 0210.JPG,Tomato_healthy,114.02926635742188,53.33948085329546,21225.11352223507,0.3339996337890625,0.2880096435546875,50.04579162597656,cluttered_background
data/409c349a-7738-41fc-8a3a-844cd33cfcae___RS_HL 9825.JPG,Tomato_healthy,119.58499145507812,42.82466762925405,14184.28860887792,0.2761993408203125,0.312164306640625,57.76226806640625,no_visible_trait
data/af409ada-072e-4b27-ab15-5cd00116f82e___RS_HL 9824.JPG,Tomato_healthy,116.0646514892578,43.29895513593426,16905.809508799575,0.32879638671875,0.3554229736328125,54.74308776855469,cluttered_background
data/15ba0299-5f38-47ed-ab19-fe6a72737705___RS_HL 9732.JPG,Tomato_healthy,124.40386962890624,41.0274243404854,9428.596726648277,0.2398681640625,0.3181304931640625,48.17474365234375,no_visible_trait
data/e40b6718-52b6-46a7-970c-5f1b6bae23af___RS_Early.B 8287.JPG,Potato___Early_blight,119.77760314941406,43.74244032864991,3413.175270645879,0.1534271240234375,0.402740478515625,61.28190612792969,no_visible_trait
data/cb5241ed-1a40-488a-9236-64ed07e6ebbf___RS_Early.B 6712.JPG,Potato___Early_blight,156.0058135986328,47.71367230593231,6980.627496480942,0.1941986083984375,0.3412322998046875,70.03858947753906,overexposed
data/f536e055-666e-41cc-8ee2-c1af2fbf754a___RS_Early.B 8104.JPG,Potato___Early_blight,129.067138671875,58.20187401521633,10027.670559070071,0.2423858642578125,0.28369140625,66.79664611816406,no_visible_trait
data/c07db642-c675-4066-99b6-56bc8207fb37___RS_HL 4164.JPG,Potato___healthy,126.37266540527344,30.633624770259367,2163.438293423504,0.0796966552734375,0.46368408203125,74.52078247070312,no_visible_trait
data/23f1ab77-d664-49c4-92eb-41eb66c6d101___RS_HL 4169.JPG,Potato___healthy,142.18115234375,38.99156789530042,5444.796069010161,0.18011474609375,0.434814453125,64.68357849121094,overexposed
data/f48fc3b4-b7e7-4ad5-a651-0bf61a5173ff___RS_Early.B 8597.JPG,Potato___Early_blight,98.1082000732422,41.641694212879415,6042.868503566831,0.2026519775390625,0.6338043212890625,86.20254516601562,no_visible_trait
data/392c5f68-3ee5-4b61-90e9-afa16375beb8___RS_Early.B 8047.JPG,Potato___Early_blight,139.82470703125,43.39647944966397,6800.160270925611,0.202911376953125,0.473876953125,68.57978820800781,overexposed
data/686938d8-5fcc-4482-850f-0e8720206046___RS_Early.B 7769.JPG,Potato___Early_blight,148.99632263183594,47.409789201042805,6267.85453146114,0.196380615234375,0.4105682373046875,83.99885559082031,overexposed
data/1082eee1-189d-4e0f-96b5-8b1393be4c4c___RS_Early.B 8743.JPG,Potato___Early_blight,123.00279235839844,50.95799777030489,4550.695555295795,0.1712188720703125,0.3755950927734375,80.05107116699219,no_visible_trait
data/413bc2e9-eb2a-48fd-ba65-48b5121fd85c___RS_HL 4200.JPG,Potato___healthy,114.70169067382812,37.26386756630401,3226.198018738767,0.124603271484375,0.471649169921875,67.32383728027344,no_visible_trait
data/cb615e16-034f-465a-89a6-91e091698723___RS_Early.B 6796.JPG,Potato___Early_blight,135.04981994628906,53.769787693761,7309.57048796094,0.230224609375,0.4310455322265625,76.8450927734375,no_visible_trait
data/ffef8a3b-3e8a-4c24-a27e-64c41708f7a0___RS_Early.B 7132.JPG,Potato___Early_blight,137.2887725830078,55.94614327139231,8452.576881365618,0.2285003662109375,0.36444091796875,67.45101928710938,overexposed
data/201fed44-8dde-4ece-9e76-3706b8afdf46___RS_Early.B 8259.JPG,Potato___Early_blight,126.36213684082033,61.13658265210975,8215.466311893426,0.2279815673828125,0.2650909423828125,73.62504577636719,no_visible_trait
data/107827b3-faa5-457c-97fd-3e34d2657f6b___RS_Early.B 7162.JPG,Potato___Early_blight,126.20675659179688,48.57790802111431,6562.717116355896,0.190673828125,0.431793212890625,71.60183715820312,no_visible_trait
data/e6d543a1-8e5e-4709-9329-b93d63f52edf___RS_Early.B 8324.JPG,Potato___Early_blight,142.03492736816406,52.93710208837916,5749.668064141413,0.208831787109375,0.24224853515625,76.95611572265625,overexposed
data/336e5156-8947-46a7-a6fb-e993255d9091___RS_Early.B 8085.JPG,Potato___Early_blight,130.8392333984375,56.60853942548714,6775.534044516971,0.21527099609375,0.264190673828125,83.20787048339844,no_visible_trait
data/1132bee0-fe6b-41a9-9583-7b959c2ca25f___RS_Early.B 7482.JPG,Potato___Early_blight,153.85226440429688,53.10553492547746,5152.759755006991,0.176300048828125,0.440399169921875,59.96598815917969,overexposed
data/bc7552e4-3901-41b8-8bef-727eeca4270e___RS_Early.B 7942.JPG,Potato___Early_blight,140.60548400878906,54.31224051765604,8944.371463866672,0.23284912109375,0.4003753662109375,67.07635498046875,overexposed
data/3a00204c-5e53-4e5d-95a6-f8819031744e___RS_HL 5420.JPG,Potato___healthy,119.834228515625,33.731457186089656,4651.789516301593,0.14495849609375,0.4476165771484375,54.77961730957031,no_visible_trait
data/887347a3-ee1c-4141-a423-ffe050dd246e___RS_Early.B 7851.JPG,Potato___Early_blight,126.48033142089844,55.0029133315991,6249.614030039869,0.2039031982421875,0.40997314453125,71.41767883300781,no_visible_trait
data/111cd9d8-4d27-4225-be9e-d29b21cf56b9___RS_HL 5419.JPG,Potato___healthy,132.82373046875,38.95994775286369,6669.841794546694,0.188201904296875,0.5007171630859375,53.99632263183594,no_visible_trait
data/d2dcbc63-47c6-4a67-914b-cb1e117b58b0___RS_Early.B 7159.JPG,Potato___Early_blight,132.15707397460938,53.56595134221167,5278.186943039065,0.16314697265625,0.3199462890625,81.84378051757812,no_visible_trait
data/07dfb451-4378-49d1-b699-33a5fc49ff07___RS_HL 5399.JPG,Potato___healthy,120.59738159179688,47.401585270038055,8490.710066466592,0.214324951171875,0.381072998046875,46.56365966796875,no_visible_trait
